-- phpMyAdmin SQL Dump
-- version 5.2.0
-- https://www.phpmyadmin.net/
--
-- Host: 127.0.0.1
-- Generation Time: Jan 31, 2024 at 05:48 PM
-- Server version: 10.4.27-MariaDB
-- PHP Version: 8.1.12

SET SQL_MODE = "NO_AUTO_VALUE_ON_ZERO";
START TRANSACTION;
SET time_zone = "+00:00";


/*!40101 SET @OLD_CHARACTER_SET_CLIENT=@@CHARACTER_SET_CLIENT */;
/*!40101 SET @OLD_CHARACTER_SET_RESULTS=@@CHARACTER_SET_RESULTS */;
/*!40101 SET @OLD_COLLATION_CONNECTION=@@COLLATION_CONNECTION */;
/*!40101 SET NAMES utf8mb4 */;

--
-- Database: `learn_lavarel`
--

-- --------------------------------------------------------

--
-- Table structure for table `carts`
--

CREATE TABLE `carts` (
  `id` bigint(20) UNSIGNED NOT NULL,
  `id_user` int(11) NOT NULL,
  `id_product` int(11) NOT NULL,
  `quantity` int(11) NOT NULL,
  `created_at` timestamp NULL DEFAULT NULL,
  `updated_at` timestamp NULL DEFAULT NULL
) ENGINE=InnoDB DEFAULT CHARSET=utf8mb4 COLLATE=utf8mb4_unicode_ci;

--
-- Dumping data for table `carts`
--

INSERT INTO `carts` (`id`, `id_user`, `id_product`, `quantity`, `created_at`, `updated_at`) VALUES
(55, 8, 4, 1, '2024-01-27 07:21:47', '2024-01-27 07:21:47'),
(56, 8, 5, 1, '2024-01-27 07:26:31', '2024-01-27 07:26:31'),
(76, 4, 15, 4, '2024-01-31 09:38:44', '2024-01-31 09:38:52'),
(77, 4, 6, 4, '2024-01-31 09:39:17', '2024-01-31 09:41:02');

-- --------------------------------------------------------

--
-- Table structure for table `comments`
--

CREATE TABLE `comments` (
  `id` bigint(20) UNSIGNED NOT NULL,
  `id_user` bigint(20) NOT NULL,
  `id_product` bigint(20) NOT NULL,
  `content` varchar(255) NOT NULL,
  `created_at` timestamp NULL DEFAULT NULL,
  `updated_at` timestamp NULL DEFAULT NULL,
  `Star` int(11) NOT NULL,
  `feedback` varchar(255) NOT NULL
) ENGINE=InnoDB DEFAULT CHARSET=utf8mb4 COLLATE=utf8mb4_unicode_ci;

--
-- Dumping data for table `comments`
--

INSERT INTO `comments` (`id`, `id_user`, `id_product`, `content`, `created_at`, `updated_at`, `Star`, `feedback`) VALUES
(1, 4, 4, 'Hay nội dung rất bổ ích', '2024-01-31 01:13:30', '2024-01-31 08:22:19', 5, 'Cảm ơn bạn'),
(2, 4, 6, 'Hay nội dung rất bổ ích', '2024-01-31 01:13:30', '2024-01-31 08:54:50', 5, 'Cảm ơn bạn đã mua sản phẩm của chúng tôi');

-- --------------------------------------------------------

--
-- Table structure for table `failed_jobs`
--

CREATE TABLE `failed_jobs` (
  `id` bigint(20) UNSIGNED NOT NULL,
  `uuid` varchar(255) NOT NULL,
  `connection` text NOT NULL,
  `queue` text NOT NULL,
  `payload` longtext NOT NULL,
  `exception` longtext NOT NULL,
  `failed_at` timestamp NOT NULL DEFAULT current_timestamp()
) ENGINE=InnoDB DEFAULT CHARSET=utf8mb4 COLLATE=utf8mb4_unicode_ci;

--
-- Dumping data for table `failed_jobs`
--

INSERT INTO `failed_jobs` (`id`, `uuid`, `connection`, `queue`, `payload`, `exception`, `failed_at`) VALUES
(4, '47d1b384-a3da-4f68-8b9d-d05048cf4e9a', 'database', 'default', '{\"uuid\":\"47d1b384-a3da-4f68-8b9d-d05048cf4e9a\",\"displayName\":\"App\\\\Jobs\\\\SendMail\",\"job\":\"Illuminate\\\\Queue\\\\CallQueuedHandler@call\",\"maxTries\":null,\"maxExceptions\":null,\"failOnTimeout\":false,\"backoff\":null,\"timeout\":null,\"retryUntil\":null,\"data\":{\"commandName\":\"App\\\\Jobs\\\\SendMail\",\"command\":\"O:17:\\\"App\\\\Jobs\\\\SendMail\\\":2:{s:8:\\\"\\u0000*\\u0000email\\\";s:22:\\\"daominhkha72@gmail.com\\\";s:5:\\\"delay\\\";O:25:\\\"Illuminate\\\\Support\\\\Carbon\\\":3:{s:4:\\\"date\\\";s:26:\\\"2024-01-27 13:24:08.375085\\\";s:13:\\\"timezone_type\\\";i:3;s:8:\\\"timezone\\\";s:3:\\\"UTC\\\";}}\"}}', 'Symfony\\Component\\Mailer\\Exception\\TransportException: Unable to connect with STARTTLS: stream_socket_enable_crypto(): Peer certificate CN=`ssl.s1394.sureserver.com\' did not match expected CN=`smtp.gamil.com\' in D:\\PHP\\learn_lavarel\\vendor\\symfony\\mailer\\Transport\\Smtp\\Stream\\SocketStream.php:171\nStack trace:\n#0 [internal function]: Symfony\\Component\\Mailer\\Transport\\Smtp\\Stream\\SocketStream->Symfony\\Component\\Mailer\\Transport\\Smtp\\Stream\\{closure}(2, \'stream_socket_e...\', \'D:\\\\PHP\\\\learn_la...\', 174)\n#1 D:\\PHP\\learn_lavarel\\vendor\\symfony\\mailer\\Transport\\Smtp\\Stream\\SocketStream.php(174): stream_socket_enable_crypto(Resource id #845, true)\n#2 D:\\PHP\\learn_lavarel\\vendor\\symfony\\mailer\\Transport\\Smtp\\EsmtpTransport.php(151): Symfony\\Component\\Mailer\\Transport\\Smtp\\Stream\\SocketStream->startTLS()\n#3 D:\\PHP\\learn_lavarel\\vendor\\symfony\\mailer\\Transport\\Smtp\\EsmtpTransport.php(117): Symfony\\Component\\Mailer\\Transport\\Smtp\\EsmtpTransport->doEhloCommand()\n#4 D:\\PHP\\learn_lavarel\\vendor\\symfony\\mailer\\Transport\\Smtp\\SmtpTransport.php(254): Symfony\\Component\\Mailer\\Transport\\Smtp\\EsmtpTransport->executeCommand(\'HELO [127.0.0.1...\', Array)\n#5 D:\\PHP\\learn_lavarel\\vendor\\symfony\\mailer\\Transport\\Smtp\\SmtpTransport.php(277): Symfony\\Component\\Mailer\\Transport\\Smtp\\SmtpTransport->doHeloCommand()\n#6 D:\\PHP\\learn_lavarel\\vendor\\symfony\\mailer\\Transport\\Smtp\\SmtpTransport.php(213): Symfony\\Component\\Mailer\\Transport\\Smtp\\SmtpTransport->start()\n#7 D:\\PHP\\learn_lavarel\\vendor\\symfony\\mailer\\Transport\\AbstractTransport.php(69): Symfony\\Component\\Mailer\\Transport\\Smtp\\SmtpTransport->doSend(Object(Symfony\\Component\\Mailer\\SentMessage))\n#8 D:\\PHP\\learn_lavarel\\vendor\\symfony\\mailer\\Transport\\Smtp\\SmtpTransport.php(137): Symfony\\Component\\Mailer\\Transport\\AbstractTransport->send(Object(Symfony\\Component\\Mime\\Email), Object(Symfony\\Component\\Mailer\\DelayedEnvelope))\n#9 D:\\PHP\\learn_lavarel\\vendor\\laravel\\framework\\src\\Illuminate\\Mail\\Mailer.php(573): Symfony\\Component\\Mailer\\Transport\\Smtp\\SmtpTransport->send(Object(Symfony\\Component\\Mime\\Email), Object(Symfony\\Component\\Mailer\\DelayedEnvelope))\n#10 D:\\PHP\\learn_lavarel\\vendor\\laravel\\framework\\src\\Illuminate\\Mail\\Mailer.php(335): Illuminate\\Mail\\Mailer->sendSymfonyMessage(Object(Symfony\\Component\\Mime\\Email))\n#11 D:\\PHP\\learn_lavarel\\vendor\\laravel\\framework\\src\\Illuminate\\Mail\\Mailable.php(213): Illuminate\\Mail\\Mailer->send(\'mail.success\', Array, Object(Closure))\n#12 D:\\PHP\\learn_lavarel\\vendor\\laravel\\framework\\src\\Illuminate\\Support\\Traits\\Localizable.php(19): Illuminate\\Mail\\Mailable->Illuminate\\Mail\\{closure}()\n#13 D:\\PHP\\learn_lavarel\\vendor\\laravel\\framework\\src\\Illuminate\\Mail\\Mailable.php(214): Illuminate\\Mail\\Mailable->withLocale(NULL, Object(Closure))\n#14 D:\\PHP\\learn_lavarel\\vendor\\laravel\\framework\\src\\Illuminate\\Mail\\Mailer.php(357): Illuminate\\Mail\\Mailable->send(Object(Illuminate\\Mail\\Mailer))\n#15 D:\\PHP\\learn_lavarel\\vendor\\laravel\\framework\\src\\Illuminate\\Mail\\Mailer.php(301): Illuminate\\Mail\\Mailer->sendMailable(Object(App\\Mail\\OrderShiopped))\n#16 D:\\PHP\\learn_lavarel\\vendor\\laravel\\framework\\src\\Illuminate\\Mail\\PendingMail.php(124): Illuminate\\Mail\\Mailer->send(Object(App\\Mail\\OrderShiopped))\n#17 D:\\PHP\\learn_lavarel\\app\\Jobs\\SendMail.php(33): Illuminate\\Mail\\PendingMail->send(Object(App\\Mail\\OrderShiopped))\n#18 D:\\PHP\\learn_lavarel\\vendor\\laravel\\framework\\src\\Illuminate\\Container\\BoundMethod.php(36): App\\Jobs\\SendMail->handle()\n#19 D:\\PHP\\learn_lavarel\\vendor\\laravel\\framework\\src\\Illuminate\\Container\\Util.php(41): Illuminate\\Container\\BoundMethod::Illuminate\\Container\\{closure}()\n#20 D:\\PHP\\learn_lavarel\\vendor\\laravel\\framework\\src\\Illuminate\\Container\\BoundMethod.php(93): Illuminate\\Container\\Util::unwrapIfClosure(Object(Closure))\n#21 D:\\PHP\\learn_lavarel\\vendor\\laravel\\framework\\src\\Illuminate\\Container\\BoundMethod.php(37): Illuminate\\Container\\BoundMethod::callBoundMethod(Object(Illuminate\\Foundation\\Application), Array, Object(Closure))\n#22 D:\\PHP\\learn_lavarel\\vendor\\laravel\\framework\\src\\Illuminate\\Container\\Container.php(662): Illuminate\\Container\\BoundMethod::call(Object(Illuminate\\Foundation\\Application), Array, Array, NULL)\n#23 D:\\PHP\\learn_lavarel\\vendor\\laravel\\framework\\src\\Illuminate\\Bus\\Dispatcher.php(128): Illuminate\\Container\\Container->call(Array)\n#24 D:\\PHP\\learn_lavarel\\vendor\\laravel\\framework\\src\\Illuminate\\Pipeline\\Pipeline.php(144): Illuminate\\Bus\\Dispatcher->Illuminate\\Bus\\{closure}(Object(App\\Jobs\\SendMail))\n#25 D:\\PHP\\learn_lavarel\\vendor\\laravel\\framework\\src\\Illuminate\\Pipeline\\Pipeline.php(119): Illuminate\\Pipeline\\Pipeline->Illuminate\\Pipeline\\{closure}(Object(App\\Jobs\\SendMail))\n#26 D:\\PHP\\learn_lavarel\\vendor\\laravel\\framework\\src\\Illuminate\\Bus\\Dispatcher.php(132): Illuminate\\Pipeline\\Pipeline->then(Object(Closure))\n#27 D:\\PHP\\learn_lavarel\\vendor\\laravel\\framework\\src\\Illuminate\\Queue\\CallQueuedHandler.php(124): Illuminate\\Bus\\Dispatcher->dispatchNow(Object(App\\Jobs\\SendMail), false)\n#28 D:\\PHP\\learn_lavarel\\vendor\\laravel\\framework\\src\\Illuminate\\Pipeline\\Pipeline.php(144): Illuminate\\Queue\\CallQueuedHandler->Illuminate\\Queue\\{closure}(Object(App\\Jobs\\SendMail))\n#29 D:\\PHP\\learn_lavarel\\vendor\\laravel\\framework\\src\\Illuminate\\Pipeline\\Pipeline.php(119): Illuminate\\Pipeline\\Pipeline->Illuminate\\Pipeline\\{closure}(Object(App\\Jobs\\SendMail))\n#30 D:\\PHP\\learn_lavarel\\vendor\\laravel\\framework\\src\\Illuminate\\Queue\\CallQueuedHandler.php(126): Illuminate\\Pipeline\\Pipeline->then(Object(Closure))\n#31 D:\\PHP\\learn_lavarel\\vendor\\laravel\\framework\\src\\Illuminate\\Queue\\CallQueuedHandler.php(70): Illuminate\\Queue\\CallQueuedHandler->dispatchThroughMiddleware(Object(Illuminate\\Queue\\Jobs\\DatabaseJob), Object(App\\Jobs\\SendMail))\n#32 D:\\PHP\\learn_lavarel\\vendor\\laravel\\framework\\src\\Illuminate\\Queue\\Jobs\\Job.php(102): Illuminate\\Queue\\CallQueuedHandler->call(Object(Illuminate\\Queue\\Jobs\\DatabaseJob), Array)\n#33 D:\\PHP\\learn_lavarel\\vendor\\laravel\\framework\\src\\Illuminate\\Queue\\Worker.php(439): Illuminate\\Queue\\Jobs\\Job->fire()\n#34 D:\\PHP\\learn_lavarel\\vendor\\laravel\\framework\\src\\Illuminate\\Queue\\Worker.php(389): Illuminate\\Queue\\Worker->process(\'database\', Object(Illuminate\\Queue\\Jobs\\DatabaseJob), Object(Illuminate\\Queue\\WorkerOptions))\n#35 D:\\PHP\\learn_lavarel\\vendor\\laravel\\framework\\src\\Illuminate\\Queue\\Worker.php(176): Illuminate\\Queue\\Worker->runJob(Object(Illuminate\\Queue\\Jobs\\DatabaseJob), \'database\', Object(Illuminate\\Queue\\WorkerOptions))\n#36 D:\\PHP\\learn_lavarel\\vendor\\laravel\\framework\\src\\Illuminate\\Queue\\Console\\WorkCommand.php(138): Illuminate\\Queue\\Worker->daemon(\'database\', \'default\', Object(Illuminate\\Queue\\WorkerOptions))\n#37 D:\\PHP\\learn_lavarel\\vendor\\laravel\\framework\\src\\Illuminate\\Queue\\Console\\WorkCommand.php(121): Illuminate\\Queue\\Console\\WorkCommand->runWorker(\'database\', \'default\')\n#38 D:\\PHP\\learn_lavarel\\vendor\\laravel\\framework\\src\\Illuminate\\Container\\BoundMethod.php(36): Illuminate\\Queue\\Console\\WorkCommand->handle()\n#39 D:\\PHP\\learn_lavarel\\vendor\\laravel\\framework\\src\\Illuminate\\Container\\Util.php(41): Illuminate\\Container\\BoundMethod::Illuminate\\Container\\{closure}()\n#40 D:\\PHP\\learn_lavarel\\vendor\\laravel\\framework\\src\\Illuminate\\Container\\BoundMethod.php(93): Illuminate\\Container\\Util::unwrapIfClosure(Object(Closure))\n#41 D:\\PHP\\learn_lavarel\\vendor\\laravel\\framework\\src\\Illuminate\\Container\\BoundMethod.php(37): Illuminate\\Container\\BoundMethod::callBoundMethod(Object(Illuminate\\Foundation\\Application), Array, Object(Closure))\n#42 D:\\PHP\\learn_lavarel\\vendor\\laravel\\framework\\src\\Illuminate\\Container\\Container.php(662): Illuminate\\Container\\BoundMethod::call(Object(Illuminate\\Foundation\\Application), Array, Array, NULL)\n#43 D:\\PHP\\learn_lavarel\\vendor\\laravel\\framework\\src\\Illuminate\\Console\\Command.php(211): Illuminate\\Container\\Container->call(Array)\n#44 D:\\PHP\\learn_lavarel\\vendor\\symfony\\console\\Command\\Command.php(326): Illuminate\\Console\\Command->execute(Object(Symfony\\Component\\Console\\Input\\ArgvInput), Object(Illuminate\\Console\\OutputStyle))\n#45 D:\\PHP\\learn_lavarel\\vendor\\laravel\\framework\\src\\Illuminate\\Console\\Command.php(181): Symfony\\Component\\Console\\Command\\Command->run(Object(Symfony\\Component\\Console\\Input\\ArgvInput), Object(Illuminate\\Console\\OutputStyle))\n#46 D:\\PHP\\learn_lavarel\\vendor\\symfony\\console\\Application.php(1096): Illuminate\\Console\\Command->run(Object(Symfony\\Component\\Console\\Input\\ArgvInput), Object(Symfony\\Component\\Console\\Output\\ConsoleOutput))\n#47 D:\\PHP\\learn_lavarel\\vendor\\symfony\\console\\Application.php(324): Symfony\\Component\\Console\\Application->doRunCommand(Object(Illuminate\\Queue\\Console\\WorkCommand), Object(Symfony\\Component\\Console\\Input\\ArgvInput), Object(Symfony\\Component\\Console\\Output\\ConsoleOutput))\n#48 D:\\PHP\\learn_lavarel\\vendor\\symfony\\console\\Application.php(175): Symfony\\Component\\Console\\Application->doRun(Object(Symfony\\Component\\Console\\Input\\ArgvInput), Object(Symfony\\Component\\Console\\Output\\ConsoleOutput))\n#49 D:\\PHP\\learn_lavarel\\vendor\\laravel\\framework\\src\\Illuminate\\Foundation\\Console\\Kernel.php(201): Symfony\\Component\\Console\\Application->run(Object(Symfony\\Component\\Console\\Input\\ArgvInput), Object(Symfony\\Component\\Console\\Output\\ConsoleOutput))\n#50 D:\\PHP\\learn_lavarel\\artisan(37): Illuminate\\Foundation\\Console\\Kernel->handle(Object(Symfony\\Component\\Console\\Input\\ArgvInput), Object(Symfony\\Component\\Console\\Output\\ConsoleOutput))\n#51 {main}', '2024-01-27 06:27:28'),
(5, 'ce8aa5e5-2c88-42fd-ac66-de6065c8eada', 'database', 'default', '{\"uuid\":\"ce8aa5e5-2c88-42fd-ac66-de6065c8eada\",\"displayName\":\"App\\\\Jobs\\\\SendMail\",\"job\":\"Illuminate\\\\Queue\\\\CallQueuedHandler@call\",\"maxTries\":null,\"maxExceptions\":null,\"failOnTimeout\":false,\"backoff\":null,\"timeout\":null,\"retryUntil\":null,\"data\":{\"commandName\":\"App\\\\Jobs\\\\SendMail\",\"command\":\"O:17:\\\"App\\\\Jobs\\\\SendMail\\\":2:{s:8:\\\"\\u0000*\\u0000email\\\";s:21:\\\"ThanhLinh32@gmail.com\\\";s:5:\\\"delay\\\";O:25:\\\"Illuminate\\\\Support\\\\Carbon\\\":3:{s:4:\\\"date\\\";s:26:\\\"2024-01-27 13:33:31.171469\\\";s:13:\\\"timezone_type\\\";i:3;s:8:\\\"timezone\\\";s:3:\\\"UTC\\\";}}\"}}', 'Symfony\\Component\\Mailer\\Exception\\TransportException: Unable to connect with STARTTLS: stream_socket_enable_crypto(): Peer certificate CN=`ssl.s1394.sureserver.com\' did not match expected CN=`smtp.gamil.com\' in D:\\PHP\\learn_lavarel\\vendor\\symfony\\mailer\\Transport\\Smtp\\Stream\\SocketStream.php:171\nStack trace:\n#0 [internal function]: Symfony\\Component\\Mailer\\Transport\\Smtp\\Stream\\SocketStream->Symfony\\Component\\Mailer\\Transport\\Smtp\\Stream\\{closure}(2, \'stream_socket_e...\', \'D:\\\\PHP\\\\learn_la...\', 174)\n#1 D:\\PHP\\learn_lavarel\\vendor\\symfony\\mailer\\Transport\\Smtp\\Stream\\SocketStream.php(174): stream_socket_enable_crypto(Resource id #845, true)\n#2 D:\\PHP\\learn_lavarel\\vendor\\symfony\\mailer\\Transport\\Smtp\\EsmtpTransport.php(151): Symfony\\Component\\Mailer\\Transport\\Smtp\\Stream\\SocketStream->startTLS()\n#3 D:\\PHP\\learn_lavarel\\vendor\\symfony\\mailer\\Transport\\Smtp\\EsmtpTransport.php(117): Symfony\\Component\\Mailer\\Transport\\Smtp\\EsmtpTransport->doEhloCommand()\n#4 D:\\PHP\\learn_lavarel\\vendor\\symfony\\mailer\\Transport\\Smtp\\SmtpTransport.php(254): Symfony\\Component\\Mailer\\Transport\\Smtp\\EsmtpTransport->executeCommand(\'HELO [127.0.0.1...\', Array)\n#5 D:\\PHP\\learn_lavarel\\vendor\\symfony\\mailer\\Transport\\Smtp\\SmtpTransport.php(277): Symfony\\Component\\Mailer\\Transport\\Smtp\\SmtpTransport->doHeloCommand()\n#6 D:\\PHP\\learn_lavarel\\vendor\\symfony\\mailer\\Transport\\Smtp\\SmtpTransport.php(213): Symfony\\Component\\Mailer\\Transport\\Smtp\\SmtpTransport->start()\n#7 D:\\PHP\\learn_lavarel\\vendor\\symfony\\mailer\\Transport\\AbstractTransport.php(69): Symfony\\Component\\Mailer\\Transport\\Smtp\\SmtpTransport->doSend(Object(Symfony\\Component\\Mailer\\SentMessage))\n#8 D:\\PHP\\learn_lavarel\\vendor\\symfony\\mailer\\Transport\\Smtp\\SmtpTransport.php(137): Symfony\\Component\\Mailer\\Transport\\AbstractTransport->send(Object(Symfony\\Component\\Mime\\Email), Object(Symfony\\Component\\Mailer\\DelayedEnvelope))\n#9 D:\\PHP\\learn_lavarel\\vendor\\laravel\\framework\\src\\Illuminate\\Mail\\Mailer.php(573): Symfony\\Component\\Mailer\\Transport\\Smtp\\SmtpTransport->send(Object(Symfony\\Component\\Mime\\Email), Object(Symfony\\Component\\Mailer\\DelayedEnvelope))\n#10 D:\\PHP\\learn_lavarel\\vendor\\laravel\\framework\\src\\Illuminate\\Mail\\Mailer.php(335): Illuminate\\Mail\\Mailer->sendSymfonyMessage(Object(Symfony\\Component\\Mime\\Email))\n#11 D:\\PHP\\learn_lavarel\\vendor\\laravel\\framework\\src\\Illuminate\\Mail\\Mailable.php(213): Illuminate\\Mail\\Mailer->send(\'mail.success\', Array, Object(Closure))\n#12 D:\\PHP\\learn_lavarel\\vendor\\laravel\\framework\\src\\Illuminate\\Support\\Traits\\Localizable.php(19): Illuminate\\Mail\\Mailable->Illuminate\\Mail\\{closure}()\n#13 D:\\PHP\\learn_lavarel\\vendor\\laravel\\framework\\src\\Illuminate\\Mail\\Mailable.php(214): Illuminate\\Mail\\Mailable->withLocale(NULL, Object(Closure))\n#14 D:\\PHP\\learn_lavarel\\vendor\\laravel\\framework\\src\\Illuminate\\Mail\\Mailer.php(357): Illuminate\\Mail\\Mailable->send(Object(Illuminate\\Mail\\Mailer))\n#15 D:\\PHP\\learn_lavarel\\vendor\\laravel\\framework\\src\\Illuminate\\Mail\\Mailer.php(301): Illuminate\\Mail\\Mailer->sendMailable(Object(App\\Mail\\OrderShiopped))\n#16 D:\\PHP\\learn_lavarel\\vendor\\laravel\\framework\\src\\Illuminate\\Mail\\PendingMail.php(124): Illuminate\\Mail\\Mailer->send(Object(App\\Mail\\OrderShiopped))\n#17 D:\\PHP\\learn_lavarel\\app\\Jobs\\SendMail.php(33): Illuminate\\Mail\\PendingMail->send(Object(App\\Mail\\OrderShiopped))\n#18 D:\\PHP\\learn_lavarel\\vendor\\laravel\\framework\\src\\Illuminate\\Container\\BoundMethod.php(36): App\\Jobs\\SendMail->handle()\n#19 D:\\PHP\\learn_lavarel\\vendor\\laravel\\framework\\src\\Illuminate\\Container\\Util.php(41): Illuminate\\Container\\BoundMethod::Illuminate\\Container\\{closure}()\n#20 D:\\PHP\\learn_lavarel\\vendor\\laravel\\framework\\src\\Illuminate\\Container\\BoundMethod.php(93): Illuminate\\Container\\Util::unwrapIfClosure(Object(Closure))\n#21 D:\\PHP\\learn_lavarel\\vendor\\laravel\\framework\\src\\Illuminate\\Container\\BoundMethod.php(37): Illuminate\\Container\\BoundMethod::callBoundMethod(Object(Illuminate\\Foundation\\Application), Array, Object(Closure))\n#22 D:\\PHP\\learn_lavarel\\vendor\\laravel\\framework\\src\\Illuminate\\Container\\Container.php(662): Illuminate\\Container\\BoundMethod::call(Object(Illuminate\\Foundation\\Application), Array, Array, NULL)\n#23 D:\\PHP\\learn_lavarel\\vendor\\laravel\\framework\\src\\Illuminate\\Bus\\Dispatcher.php(128): Illuminate\\Container\\Container->call(Array)\n#24 D:\\PHP\\learn_lavarel\\vendor\\laravel\\framework\\src\\Illuminate\\Pipeline\\Pipeline.php(144): Illuminate\\Bus\\Dispatcher->Illuminate\\Bus\\{closure}(Object(App\\Jobs\\SendMail))\n#25 D:\\PHP\\learn_lavarel\\vendor\\laravel\\framework\\src\\Illuminate\\Pipeline\\Pipeline.php(119): Illuminate\\Pipeline\\Pipeline->Illuminate\\Pipeline\\{closure}(Object(App\\Jobs\\SendMail))\n#26 D:\\PHP\\learn_lavarel\\vendor\\laravel\\framework\\src\\Illuminate\\Bus\\Dispatcher.php(132): Illuminate\\Pipeline\\Pipeline->then(Object(Closure))\n#27 D:\\PHP\\learn_lavarel\\vendor\\laravel\\framework\\src\\Illuminate\\Queue\\CallQueuedHandler.php(124): Illuminate\\Bus\\Dispatcher->dispatchNow(Object(App\\Jobs\\SendMail), false)\n#28 D:\\PHP\\learn_lavarel\\vendor\\laravel\\framework\\src\\Illuminate\\Pipeline\\Pipeline.php(144): Illuminate\\Queue\\CallQueuedHandler->Illuminate\\Queue\\{closure}(Object(App\\Jobs\\SendMail))\n#29 D:\\PHP\\learn_lavarel\\vendor\\laravel\\framework\\src\\Illuminate\\Pipeline\\Pipeline.php(119): Illuminate\\Pipeline\\Pipeline->Illuminate\\Pipeline\\{closure}(Object(App\\Jobs\\SendMail))\n#30 D:\\PHP\\learn_lavarel\\vendor\\laravel\\framework\\src\\Illuminate\\Queue\\CallQueuedHandler.php(126): Illuminate\\Pipeline\\Pipeline->then(Object(Closure))\n#31 D:\\PHP\\learn_lavarel\\vendor\\laravel\\framework\\src\\Illuminate\\Queue\\CallQueuedHandler.php(70): Illuminate\\Queue\\CallQueuedHandler->dispatchThroughMiddleware(Object(Illuminate\\Queue\\Jobs\\DatabaseJob), Object(App\\Jobs\\SendMail))\n#32 D:\\PHP\\learn_lavarel\\vendor\\laravel\\framework\\src\\Illuminate\\Queue\\Jobs\\Job.php(102): Illuminate\\Queue\\CallQueuedHandler->call(Object(Illuminate\\Queue\\Jobs\\DatabaseJob), Array)\n#33 D:\\PHP\\learn_lavarel\\vendor\\laravel\\framework\\src\\Illuminate\\Queue\\Worker.php(439): Illuminate\\Queue\\Jobs\\Job->fire()\n#34 D:\\PHP\\learn_lavarel\\vendor\\laravel\\framework\\src\\Illuminate\\Queue\\Worker.php(389): Illuminate\\Queue\\Worker->process(\'database\', Object(Illuminate\\Queue\\Jobs\\DatabaseJob), Object(Illuminate\\Queue\\WorkerOptions))\n#35 D:\\PHP\\learn_lavarel\\vendor\\laravel\\framework\\src\\Illuminate\\Queue\\Worker.php(176): Illuminate\\Queue\\Worker->runJob(Object(Illuminate\\Queue\\Jobs\\DatabaseJob), \'database\', Object(Illuminate\\Queue\\WorkerOptions))\n#36 D:\\PHP\\learn_lavarel\\vendor\\laravel\\framework\\src\\Illuminate\\Queue\\Console\\WorkCommand.php(138): Illuminate\\Queue\\Worker->daemon(\'database\', \'default\', Object(Illuminate\\Queue\\WorkerOptions))\n#37 D:\\PHP\\learn_lavarel\\vendor\\laravel\\framework\\src\\Illuminate\\Queue\\Console\\WorkCommand.php(121): Illuminate\\Queue\\Console\\WorkCommand->runWorker(\'database\', \'default\')\n#38 D:\\PHP\\learn_lavarel\\vendor\\laravel\\framework\\src\\Illuminate\\Container\\BoundMethod.php(36): Illuminate\\Queue\\Console\\WorkCommand->handle()\n#39 D:\\PHP\\learn_lavarel\\vendor\\laravel\\framework\\src\\Illuminate\\Container\\Util.php(41): Illuminate\\Container\\BoundMethod::Illuminate\\Container\\{closure}()\n#40 D:\\PHP\\learn_lavarel\\vendor\\laravel\\framework\\src\\Illuminate\\Container\\BoundMethod.php(93): Illuminate\\Container\\Util::unwrapIfClosure(Object(Closure))\n#41 D:\\PHP\\learn_lavarel\\vendor\\laravel\\framework\\src\\Illuminate\\Container\\BoundMethod.php(37): Illuminate\\Container\\BoundMethod::callBoundMethod(Object(Illuminate\\Foundation\\Application), Array, Object(Closure))\n#42 D:\\PHP\\learn_lavarel\\vendor\\laravel\\framework\\src\\Illuminate\\Container\\Container.php(662): Illuminate\\Container\\BoundMethod::call(Object(Illuminate\\Foundation\\Application), Array, Array, NULL)\n#43 D:\\PHP\\learn_lavarel\\vendor\\laravel\\framework\\src\\Illuminate\\Console\\Command.php(211): Illuminate\\Container\\Container->call(Array)\n#44 D:\\PHP\\learn_lavarel\\vendor\\symfony\\console\\Command\\Command.php(326): Illuminate\\Console\\Command->execute(Object(Symfony\\Component\\Console\\Input\\ArgvInput), Object(Illuminate\\Console\\OutputStyle))\n#45 D:\\PHP\\learn_lavarel\\vendor\\laravel\\framework\\src\\Illuminate\\Console\\Command.php(181): Symfony\\Component\\Console\\Command\\Command->run(Object(Symfony\\Component\\Console\\Input\\ArgvInput), Object(Illuminate\\Console\\OutputStyle))\n#46 D:\\PHP\\learn_lavarel\\vendor\\symfony\\console\\Application.php(1096): Illuminate\\Console\\Command->run(Object(Symfony\\Component\\Console\\Input\\ArgvInput), Object(Symfony\\Component\\Console\\Output\\ConsoleOutput))\n#47 D:\\PHP\\learn_lavarel\\vendor\\symfony\\console\\Application.php(324): Symfony\\Component\\Console\\Application->doRunCommand(Object(Illuminate\\Queue\\Console\\WorkCommand), Object(Symfony\\Component\\Console\\Input\\ArgvInput), Object(Symfony\\Component\\Console\\Output\\ConsoleOutput))\n#48 D:\\PHP\\learn_lavarel\\vendor\\symfony\\console\\Application.php(175): Symfony\\Component\\Console\\Application->doRun(Object(Symfony\\Component\\Console\\Input\\ArgvInput), Object(Symfony\\Component\\Console\\Output\\ConsoleOutput))\n#49 D:\\PHP\\learn_lavarel\\vendor\\laravel\\framework\\src\\Illuminate\\Foundation\\Console\\Kernel.php(201): Symfony\\Component\\Console\\Application->run(Object(Symfony\\Component\\Console\\Input\\ArgvInput), Object(Symfony\\Component\\Console\\Output\\ConsoleOutput))\n#50 D:\\PHP\\learn_lavarel\\artisan(37): Illuminate\\Foundation\\Console\\Kernel->handle(Object(Symfony\\Component\\Console\\Input\\ArgvInput), Object(Symfony\\Component\\Console\\Output\\ConsoleOutput))\n#51 {main}', '2024-01-27 06:33:35'),
(6, '9bc992ea-fc8f-42c0-b782-1b0ff016f69f', 'database', 'default', '{\"uuid\":\"9bc992ea-fc8f-42c0-b782-1b0ff016f69f\",\"displayName\":\"App\\\\Jobs\\\\SendMail\",\"job\":\"Illuminate\\\\Queue\\\\CallQueuedHandler@call\",\"maxTries\":null,\"maxExceptions\":null,\"failOnTimeout\":false,\"backoff\":null,\"timeout\":null,\"retryUntil\":null,\"data\":{\"commandName\":\"App\\\\Jobs\\\\SendMail\",\"command\":\"O:17:\\\"App\\\\Jobs\\\\SendMail\\\":2:{s:8:\\\"\\u0000*\\u0000email\\\";s:24:\\\"daothikhuyen30@gmail.com\\\";s:5:\\\"delay\\\";O:25:\\\"Illuminate\\\\Support\\\\Carbon\\\":3:{s:4:\\\"date\\\";s:26:\\\"2024-01-27 13:35:53.956575\\\";s:13:\\\"timezone_type\\\";i:3;s:8:\\\"timezone\\\";s:3:\\\"UTC\\\";}}\"}}', 'Symfony\\Component\\Mailer\\Exception\\TransportException: Unable to connect with STARTTLS: stream_socket_enable_crypto(): Peer certificate CN=`ssl.s1394.sureserver.com\' did not match expected CN=`smtp.gamil.com\' in D:\\PHP\\learn_lavarel\\vendor\\symfony\\mailer\\Transport\\Smtp\\Stream\\SocketStream.php:171\nStack trace:\n#0 [internal function]: Symfony\\Component\\Mailer\\Transport\\Smtp\\Stream\\SocketStream->Symfony\\Component\\Mailer\\Transport\\Smtp\\Stream\\{closure}(2, \'stream_socket_e...\', \'D:\\\\PHP\\\\learn_la...\', 174)\n#1 D:\\PHP\\learn_lavarel\\vendor\\symfony\\mailer\\Transport\\Smtp\\Stream\\SocketStream.php(174): stream_socket_enable_crypto(Resource id #886, true)\n#2 D:\\PHP\\learn_lavarel\\vendor\\symfony\\mailer\\Transport\\Smtp\\EsmtpTransport.php(151): Symfony\\Component\\Mailer\\Transport\\Smtp\\Stream\\SocketStream->startTLS()\n#3 D:\\PHP\\learn_lavarel\\vendor\\symfony\\mailer\\Transport\\Smtp\\EsmtpTransport.php(117): Symfony\\Component\\Mailer\\Transport\\Smtp\\EsmtpTransport->doEhloCommand()\n#4 D:\\PHP\\learn_lavarel\\vendor\\symfony\\mailer\\Transport\\Smtp\\SmtpTransport.php(254): Symfony\\Component\\Mailer\\Transport\\Smtp\\EsmtpTransport->executeCommand(\'HELO [127.0.0.1...\', Array)\n#5 D:\\PHP\\learn_lavarel\\vendor\\symfony\\mailer\\Transport\\Smtp\\SmtpTransport.php(277): Symfony\\Component\\Mailer\\Transport\\Smtp\\SmtpTransport->doHeloCommand()\n#6 D:\\PHP\\learn_lavarel\\vendor\\symfony\\mailer\\Transport\\Smtp\\SmtpTransport.php(213): Symfony\\Component\\Mailer\\Transport\\Smtp\\SmtpTransport->start()\n#7 D:\\PHP\\learn_lavarel\\vendor\\symfony\\mailer\\Transport\\AbstractTransport.php(69): Symfony\\Component\\Mailer\\Transport\\Smtp\\SmtpTransport->doSend(Object(Symfony\\Component\\Mailer\\SentMessage))\n#8 D:\\PHP\\learn_lavarel\\vendor\\symfony\\mailer\\Transport\\Smtp\\SmtpTransport.php(137): Symfony\\Component\\Mailer\\Transport\\AbstractTransport->send(Object(Symfony\\Component\\Mime\\Email), Object(Symfony\\Component\\Mailer\\DelayedEnvelope))\n#9 D:\\PHP\\learn_lavarel\\vendor\\laravel\\framework\\src\\Illuminate\\Mail\\Mailer.php(573): Symfony\\Component\\Mailer\\Transport\\Smtp\\SmtpTransport->send(Object(Symfony\\Component\\Mime\\Email), Object(Symfony\\Component\\Mailer\\DelayedEnvelope))\n#10 D:\\PHP\\learn_lavarel\\vendor\\laravel\\framework\\src\\Illuminate\\Mail\\Mailer.php(335): Illuminate\\Mail\\Mailer->sendSymfonyMessage(Object(Symfony\\Component\\Mime\\Email))\n#11 D:\\PHP\\learn_lavarel\\vendor\\laravel\\framework\\src\\Illuminate\\Mail\\Mailable.php(213): Illuminate\\Mail\\Mailer->send(\'mail.success\', Array, Object(Closure))\n#12 D:\\PHP\\learn_lavarel\\vendor\\laravel\\framework\\src\\Illuminate\\Support\\Traits\\Localizable.php(19): Illuminate\\Mail\\Mailable->Illuminate\\Mail\\{closure}()\n#13 D:\\PHP\\learn_lavarel\\vendor\\laravel\\framework\\src\\Illuminate\\Mail\\Mailable.php(214): Illuminate\\Mail\\Mailable->withLocale(NULL, Object(Closure))\n#14 D:\\PHP\\learn_lavarel\\vendor\\laravel\\framework\\src\\Illuminate\\Mail\\Mailer.php(357): Illuminate\\Mail\\Mailable->send(Object(Illuminate\\Mail\\Mailer))\n#15 D:\\PHP\\learn_lavarel\\vendor\\laravel\\framework\\src\\Illuminate\\Mail\\Mailer.php(301): Illuminate\\Mail\\Mailer->sendMailable(Object(App\\Mail\\OrderShiopped))\n#16 D:\\PHP\\learn_lavarel\\vendor\\laravel\\framework\\src\\Illuminate\\Mail\\PendingMail.php(124): Illuminate\\Mail\\Mailer->send(Object(App\\Mail\\OrderShiopped))\n#17 D:\\PHP\\learn_lavarel\\app\\Jobs\\SendMail.php(33): Illuminate\\Mail\\PendingMail->send(Object(App\\Mail\\OrderShiopped))\n#18 D:\\PHP\\learn_lavarel\\vendor\\laravel\\framework\\src\\Illuminate\\Container\\BoundMethod.php(36): App\\Jobs\\SendMail->handle()\n#19 D:\\PHP\\learn_lavarel\\vendor\\laravel\\framework\\src\\Illuminate\\Container\\Util.php(41): Illuminate\\Container\\BoundMethod::Illuminate\\Container\\{closure}()\n#20 D:\\PHP\\learn_lavarel\\vendor\\laravel\\framework\\src\\Illuminate\\Container\\BoundMethod.php(93): Illuminate\\Container\\Util::unwrapIfClosure(Object(Closure))\n#21 D:\\PHP\\learn_lavarel\\vendor\\laravel\\framework\\src\\Illuminate\\Container\\BoundMethod.php(37): Illuminate\\Container\\BoundMethod::callBoundMethod(Object(Illuminate\\Foundation\\Application), Array, Object(Closure))\n#22 D:\\PHP\\learn_lavarel\\vendor\\laravel\\framework\\src\\Illuminate\\Container\\Container.php(662): Illuminate\\Container\\BoundMethod::call(Object(Illuminate\\Foundation\\Application), Array, Array, NULL)\n#23 D:\\PHP\\learn_lavarel\\vendor\\laravel\\framework\\src\\Illuminate\\Bus\\Dispatcher.php(128): Illuminate\\Container\\Container->call(Array)\n#24 D:\\PHP\\learn_lavarel\\vendor\\laravel\\framework\\src\\Illuminate\\Pipeline\\Pipeline.php(144): Illuminate\\Bus\\Dispatcher->Illuminate\\Bus\\{closure}(Object(App\\Jobs\\SendMail))\n#25 D:\\PHP\\learn_lavarel\\vendor\\laravel\\framework\\src\\Illuminate\\Pipeline\\Pipeline.php(119): Illuminate\\Pipeline\\Pipeline->Illuminate\\Pipeline\\{closure}(Object(App\\Jobs\\SendMail))\n#26 D:\\PHP\\learn_lavarel\\vendor\\laravel\\framework\\src\\Illuminate\\Bus\\Dispatcher.php(132): Illuminate\\Pipeline\\Pipeline->then(Object(Closure))\n#27 D:\\PHP\\learn_lavarel\\vendor\\laravel\\framework\\src\\Illuminate\\Queue\\CallQueuedHandler.php(124): Illuminate\\Bus\\Dispatcher->dispatchNow(Object(App\\Jobs\\SendMail), false)\n#28 D:\\PHP\\learn_lavarel\\vendor\\laravel\\framework\\src\\Illuminate\\Pipeline\\Pipeline.php(144): Illuminate\\Queue\\CallQueuedHandler->Illuminate\\Queue\\{closure}(Object(App\\Jobs\\SendMail))\n#29 D:\\PHP\\learn_lavarel\\vendor\\laravel\\framework\\src\\Illuminate\\Pipeline\\Pipeline.php(119): Illuminate\\Pipeline\\Pipeline->Illuminate\\Pipeline\\{closure}(Object(App\\Jobs\\SendMail))\n#30 D:\\PHP\\learn_lavarel\\vendor\\laravel\\framework\\src\\Illuminate\\Queue\\CallQueuedHandler.php(126): Illuminate\\Pipeline\\Pipeline->then(Object(Closure))\n#31 D:\\PHP\\learn_lavarel\\vendor\\laravel\\framework\\src\\Illuminate\\Queue\\CallQueuedHandler.php(70): Illuminate\\Queue\\CallQueuedHandler->dispatchThroughMiddleware(Object(Illuminate\\Queue\\Jobs\\DatabaseJob), Object(App\\Jobs\\SendMail))\n#32 D:\\PHP\\learn_lavarel\\vendor\\laravel\\framework\\src\\Illuminate\\Queue\\Jobs\\Job.php(102): Illuminate\\Queue\\CallQueuedHandler->call(Object(Illuminate\\Queue\\Jobs\\DatabaseJob), Array)\n#33 D:\\PHP\\learn_lavarel\\vendor\\laravel\\framework\\src\\Illuminate\\Queue\\Worker.php(439): Illuminate\\Queue\\Jobs\\Job->fire()\n#34 D:\\PHP\\learn_lavarel\\vendor\\laravel\\framework\\src\\Illuminate\\Queue\\Worker.php(389): Illuminate\\Queue\\Worker->process(\'database\', Object(Illuminate\\Queue\\Jobs\\DatabaseJob), Object(Illuminate\\Queue\\WorkerOptions))\n#35 D:\\PHP\\learn_lavarel\\vendor\\laravel\\framework\\src\\Illuminate\\Queue\\Worker.php(176): Illuminate\\Queue\\Worker->runJob(Object(Illuminate\\Queue\\Jobs\\DatabaseJob), \'database\', Object(Illuminate\\Queue\\WorkerOptions))\n#36 D:\\PHP\\learn_lavarel\\vendor\\laravel\\framework\\src\\Illuminate\\Queue\\Console\\WorkCommand.php(138): Illuminate\\Queue\\Worker->daemon(\'database\', \'default\', Object(Illuminate\\Queue\\WorkerOptions))\n#37 D:\\PHP\\learn_lavarel\\vendor\\laravel\\framework\\src\\Illuminate\\Queue\\Console\\WorkCommand.php(121): Illuminate\\Queue\\Console\\WorkCommand->runWorker(\'database\', \'default\')\n#38 D:\\PHP\\learn_lavarel\\vendor\\laravel\\framework\\src\\Illuminate\\Container\\BoundMethod.php(36): Illuminate\\Queue\\Console\\WorkCommand->handle()\n#39 D:\\PHP\\learn_lavarel\\vendor\\laravel\\framework\\src\\Illuminate\\Container\\Util.php(41): Illuminate\\Container\\BoundMethod::Illuminate\\Container\\{closure}()\n#40 D:\\PHP\\learn_lavarel\\vendor\\laravel\\framework\\src\\Illuminate\\Container\\BoundMethod.php(93): Illuminate\\Container\\Util::unwrapIfClosure(Object(Closure))\n#41 D:\\PHP\\learn_lavarel\\vendor\\laravel\\framework\\src\\Illuminate\\Container\\BoundMethod.php(37): Illuminate\\Container\\BoundMethod::callBoundMethod(Object(Illuminate\\Foundation\\Application), Array, Object(Closure))\n#42 D:\\PHP\\learn_lavarel\\vendor\\laravel\\framework\\src\\Illuminate\\Container\\Container.php(662): Illuminate\\Container\\BoundMethod::call(Object(Illuminate\\Foundation\\Application), Array, Array, NULL)\n#43 D:\\PHP\\learn_lavarel\\vendor\\laravel\\framework\\src\\Illuminate\\Console\\Command.php(211): Illuminate\\Container\\Container->call(Array)\n#44 D:\\PHP\\learn_lavarel\\vendor\\symfony\\console\\Command\\Command.php(326): Illuminate\\Console\\Command->execute(Object(Symfony\\Component\\Console\\Input\\ArgvInput), Object(Illuminate\\Console\\OutputStyle))\n#45 D:\\PHP\\learn_lavarel\\vendor\\laravel\\framework\\src\\Illuminate\\Console\\Command.php(181): Symfony\\Component\\Console\\Command\\Command->run(Object(Symfony\\Component\\Console\\Input\\ArgvInput), Object(Illuminate\\Console\\OutputStyle))\n#46 D:\\PHP\\learn_lavarel\\vendor\\symfony\\console\\Application.php(1096): Illuminate\\Console\\Command->run(Object(Symfony\\Component\\Console\\Input\\ArgvInput), Object(Symfony\\Component\\Console\\Output\\ConsoleOutput))\n#47 D:\\PHP\\learn_lavarel\\vendor\\symfony\\console\\Application.php(324): Symfony\\Component\\Console\\Application->doRunCommand(Object(Illuminate\\Queue\\Console\\WorkCommand), Object(Symfony\\Component\\Console\\Input\\ArgvInput), Object(Symfony\\Component\\Console\\Output\\ConsoleOutput))\n#48 D:\\PHP\\learn_lavarel\\vendor\\symfony\\console\\Application.php(175): Symfony\\Component\\Console\\Application->doRun(Object(Symfony\\Component\\Console\\Input\\ArgvInput), Object(Symfony\\Component\\Console\\Output\\ConsoleOutput))\n#49 D:\\PHP\\learn_lavarel\\vendor\\laravel\\framework\\src\\Illuminate\\Foundation\\Console\\Kernel.php(201): Symfony\\Component\\Console\\Application->run(Object(Symfony\\Component\\Console\\Input\\ArgvInput), Object(Symfony\\Component\\Console\\Output\\ConsoleOutput))\n#50 D:\\PHP\\learn_lavarel\\artisan(37): Illuminate\\Foundation\\Console\\Kernel->handle(Object(Symfony\\Component\\Console\\Input\\ArgvInput), Object(Symfony\\Component\\Console\\Output\\ConsoleOutput))\n#51 {main}', '2024-01-27 06:35:55');

-- --------------------------------------------------------

--
-- Table structure for table `jobs`
--

CREATE TABLE `jobs` (
  `id` bigint(20) UNSIGNED NOT NULL,
  `queue` varchar(255) NOT NULL,
  `payload` longtext NOT NULL,
  `attempts` tinyint(3) UNSIGNED NOT NULL,
  `reserved_at` int(10) UNSIGNED DEFAULT NULL,
  `available_at` int(10) UNSIGNED NOT NULL,
  `created_at` int(10) UNSIGNED NOT NULL
) ENGINE=InnoDB DEFAULT CHARSET=utf8mb4 COLLATE=utf8mb4_unicode_ci;

--
-- Dumping data for table `jobs`
--

INSERT INTO `jobs` (`id`, `queue`, `payload`, `attempts`, `reserved_at`, `available_at`, `created_at`) VALUES
(12, 'default', '{\"uuid\":\"9058be9d-1845-40e0-8a21-c9fbe3a4f785\",\"displayName\":\"App\\\\Jobs\\\\SendMail\",\"job\":\"Illuminate\\\\Queue\\\\CallQueuedHandler@call\",\"maxTries\":null,\"maxExceptions\":null,\"failOnTimeout\":false,\"backoff\":null,\"timeout\":null,\"retryUntil\":null,\"data\":{\"commandName\":\"App\\\\Jobs\\\\SendMail\",\"command\":\"O:17:\\\"App\\\\Jobs\\\\SendMail\\\":2:{s:8:\\\"\\u0000*\\u0000email\\\";s:25:\\\"khuyendt.22itb@vku.udn.vn\\\";s:5:\\\"delay\\\";O:25:\\\"Illuminate\\\\Support\\\\Carbon\\\":3:{s:4:\\\"date\\\";s:26:\\\"2024-01-29 10:15:04.461186\\\";s:13:\\\"timezone_type\\\";i:3;s:8:\\\"timezone\\\";s:3:\\\"UTC\\\";}}\"}}', 0, NULL, 1706523304, 1706523303),
(13, 'default', '{\"uuid\":\"0bfe94f2-5dce-4757-867b-e7408b1c67df\",\"displayName\":\"App\\\\Jobs\\\\SendMail_CancelOrder\",\"job\":\"Illuminate\\\\Queue\\\\CallQueuedHandler@call\",\"maxTries\":null,\"maxExceptions\":null,\"failOnTimeout\":false,\"backoff\":null,\"timeout\":null,\"retryUntil\":null,\"data\":{\"commandName\":\"App\\\\Jobs\\\\SendMail_CancelOrder\",\"command\":\"O:29:\\\"App\\\\Jobs\\\\SendMail_CancelOrder\\\":2:{s:8:\\\"\\u0000*\\u0000email\\\";s:25:\\\"khuyendt.22itb@vku.udn.vn\\\";s:5:\\\"delay\\\";O:25:\\\"Illuminate\\\\Support\\\\Carbon\\\":3:{s:4:\\\"date\\\";s:26:\\\"2024-01-29 10:22:25.739485\\\";s:13:\\\"timezone_type\\\";i:3;s:8:\\\"timezone\\\";s:3:\\\"UTC\\\";}}\"}}', 0, NULL, 1706523745, 1706523743),
(14, 'default', '{\"uuid\":\"54426ce1-0ab5-4342-82e7-954abcbff27f\",\"displayName\":\"App\\\\Jobs\\\\SendMail_CancelOrder\",\"job\":\"Illuminate\\\\Queue\\\\CallQueuedHandler@call\",\"maxTries\":null,\"maxExceptions\":null,\"failOnTimeout\":false,\"backoff\":null,\"timeout\":null,\"retryUntil\":null,\"data\":{\"commandName\":\"App\\\\Jobs\\\\SendMail_CancelOrder\",\"command\":\"O:29:\\\"App\\\\Jobs\\\\SendMail_CancelOrder\\\":2:{s:8:\\\"\\u0000*\\u0000email\\\";s:25:\\\"khuyendt.22itb@vku.udn.vn\\\";s:5:\\\"delay\\\";O:25:\\\"Illuminate\\\\Support\\\\Carbon\\\":3:{s:4:\\\"date\\\";s:26:\\\"2024-01-29 10:26:42.126714\\\";s:13:\\\"timezone_type\\\";i:3;s:8:\\\"timezone\\\";s:3:\\\"UTC\\\";}}\"}}', 0, NULL, 1706524002, 1706524000),
(15, 'default', '{\"uuid\":\"aba87e4e-e5ac-489c-b7b9-4e4da0225677\",\"displayName\":\"App\\\\Jobs\\\\SendMail_CancelOrder\",\"job\":\"Illuminate\\\\Queue\\\\CallQueuedHandler@call\",\"maxTries\":null,\"maxExceptions\":null,\"failOnTimeout\":false,\"backoff\":null,\"timeout\":null,\"retryUntil\":null,\"data\":{\"commandName\":\"App\\\\Jobs\\\\SendMail_CancelOrder\",\"command\":\"O:29:\\\"App\\\\Jobs\\\\SendMail_CancelOrder\\\":2:{s:8:\\\"\\u0000*\\u0000email\\\";s:25:\\\"khuyendt.22itb@vku.udn.vn\\\";s:5:\\\"delay\\\";O:25:\\\"Illuminate\\\\Support\\\\Carbon\\\":3:{s:4:\\\"date\\\";s:26:\\\"2024-01-29 10:27:49.770115\\\";s:13:\\\"timezone_type\\\";i:3;s:8:\\\"timezone\\\";s:3:\\\"UTC\\\";}}\"}}', 0, NULL, 1706524069, 1706524067),
(16, 'default', '{\"uuid\":\"8b3ecfc4-b4ac-4eb5-b245-b625052717ea\",\"displayName\":\"App\\\\Jobs\\\\SendMail_CancelOrder\",\"job\":\"Illuminate\\\\Queue\\\\CallQueuedHandler@call\",\"maxTries\":null,\"maxExceptions\":null,\"failOnTimeout\":false,\"backoff\":null,\"timeout\":null,\"retryUntil\":null,\"data\":{\"commandName\":\"App\\\\Jobs\\\\SendMail_CancelOrder\",\"command\":\"O:29:\\\"App\\\\Jobs\\\\SendMail_CancelOrder\\\":2:{s:8:\\\"\\u0000*\\u0000email\\\";s:25:\\\"khuyendt.22itb@vku.udn.vn\\\";s:5:\\\"delay\\\";O:25:\\\"Illuminate\\\\Support\\\\Carbon\\\":3:{s:4:\\\"date\\\";s:26:\\\"2024-01-29 10:28:54.544017\\\";s:13:\\\"timezone_type\\\";i:3;s:8:\\\"timezone\\\";s:3:\\\"UTC\\\";}}\"}}', 0, NULL, 1706524134, 1706524132),
(17, 'default', '{\"uuid\":\"4aed4e35-b7dd-489f-b271-f2f9dc5db6ad\",\"displayName\":\"App\\\\Jobs\\\\SendMail_CancelOrder\",\"job\":\"Illuminate\\\\Queue\\\\CallQueuedHandler@call\",\"maxTries\":null,\"maxExceptions\":null,\"failOnTimeout\":false,\"backoff\":null,\"timeout\":null,\"retryUntil\":null,\"data\":{\"commandName\":\"App\\\\Jobs\\\\SendMail_CancelOrder\",\"command\":\"O:29:\\\"App\\\\Jobs\\\\SendMail_CancelOrder\\\":2:{s:8:\\\"\\u0000*\\u0000email\\\";s:25:\\\"khuyendt.22itb@vku.udn.vn\\\";s:5:\\\"delay\\\";O:25:\\\"Illuminate\\\\Support\\\\Carbon\\\":3:{s:4:\\\"date\\\";s:26:\\\"2024-01-29 10:31:16.469451\\\";s:13:\\\"timezone_type\\\";i:3;s:8:\\\"timezone\\\";s:3:\\\"UTC\\\";}}\"}}', 0, NULL, 1706524276, 1706524274),
(18, 'default', '{\"uuid\":\"293d3776-d69d-4781-92bb-66f82afd1995\",\"displayName\":\"App\\\\Jobs\\\\SendMail_CancelOrder\",\"job\":\"Illuminate\\\\Queue\\\\CallQueuedHandler@call\",\"maxTries\":null,\"maxExceptions\":null,\"failOnTimeout\":false,\"backoff\":null,\"timeout\":null,\"retryUntil\":null,\"data\":{\"commandName\":\"App\\\\Jobs\\\\SendMail_CancelOrder\",\"command\":\"O:29:\\\"App\\\\Jobs\\\\SendMail_CancelOrder\\\":2:{s:8:\\\"\\u0000*\\u0000email\\\";s:25:\\\"khuyendt.22itb@vku.udn.vn\\\";s:5:\\\"delay\\\";O:25:\\\"Illuminate\\\\Support\\\\Carbon\\\":3:{s:4:\\\"date\\\";s:26:\\\"2024-01-29 10:34:44.174973\\\";s:13:\\\"timezone_type\\\";i:3;s:8:\\\"timezone\\\";s:3:\\\"UTC\\\";}}\"}}', 0, NULL, 1706524484, 1706524482),
(19, 'default', '{\"uuid\":\"0236de99-00b8-4fe1-9231-13812d9e6ad1\",\"displayName\":\"App\\\\Jobs\\\\SendMail_CancelOrder\",\"job\":\"Illuminate\\\\Queue\\\\CallQueuedHandler@call\",\"maxTries\":null,\"maxExceptions\":null,\"failOnTimeout\":false,\"backoff\":null,\"timeout\":null,\"retryUntil\":null,\"data\":{\"commandName\":\"App\\\\Jobs\\\\SendMail_CancelOrder\",\"command\":\"O:29:\\\"App\\\\Jobs\\\\SendMail_CancelOrder\\\":2:{s:8:\\\"\\u0000*\\u0000email\\\";s:25:\\\"khuyendt.22itb@vku.udn.vn\\\";s:5:\\\"delay\\\";O:25:\\\"Illuminate\\\\Support\\\\Carbon\\\":3:{s:4:\\\"date\\\";s:26:\\\"2024-01-29 10:40:00.808470\\\";s:13:\\\"timezone_type\\\";i:3;s:8:\\\"timezone\\\";s:3:\\\"UTC\\\";}}\"}}', 0, NULL, 1706524800, 1706524798),
(20, 'default', '{\"uuid\":\"9f0b5eca-cc51-491d-a512-e91b18800649\",\"displayName\":\"App\\\\Jobs\\\\SendMail_CancelOrder\",\"job\":\"Illuminate\\\\Queue\\\\CallQueuedHandler@call\",\"maxTries\":null,\"maxExceptions\":null,\"failOnTimeout\":false,\"backoff\":null,\"timeout\":null,\"retryUntil\":null,\"data\":{\"commandName\":\"App\\\\Jobs\\\\SendMail_CancelOrder\",\"command\":\"O:29:\\\"App\\\\Jobs\\\\SendMail_CancelOrder\\\":2:{s:8:\\\"\\u0000*\\u0000email\\\";s:25:\\\"khuyendt.22itb@vku.udn.vn\\\";s:5:\\\"delay\\\";O:25:\\\"Illuminate\\\\Support\\\\Carbon\\\":3:{s:4:\\\"date\\\";s:26:\\\"2024-01-29 15:06:06.790232\\\";s:13:\\\"timezone_type\\\";i:3;s:8:\\\"timezone\\\";s:3:\\\"UTC\\\";}}\"}}', 0, NULL, 1706540766, 1706540765),
(21, 'default', '{\"uuid\":\"f3553d8d-ffea-4301-8836-217024e22691\",\"displayName\":\"App\\\\Jobs\\\\SendMail_CancelOrder\",\"job\":\"Illuminate\\\\Queue\\\\CallQueuedHandler@call\",\"maxTries\":null,\"maxExceptions\":null,\"failOnTimeout\":false,\"backoff\":null,\"timeout\":null,\"retryUntil\":null,\"data\":{\"commandName\":\"App\\\\Jobs\\\\SendMail_CancelOrder\",\"command\":\"O:29:\\\"App\\\\Jobs\\\\SendMail_CancelOrder\\\":2:{s:8:\\\"\\u0000*\\u0000email\\\";s:21:\\\"ThanhLinh32@gmail.com\\\";s:5:\\\"delay\\\";O:25:\\\"Illuminate\\\\Support\\\\Carbon\\\":3:{s:4:\\\"date\\\";s:26:\\\"2024-01-29 15:18:50.590697\\\";s:13:\\\"timezone_type\\\";i:3;s:8:\\\"timezone\\\";s:3:\\\"UTC\\\";}}\"}}', 0, NULL, 1706541530, 1706541528),
(22, 'default', '{\"uuid\":\"c31dbb91-3f50-4664-a86b-2ff49c1e2db2\",\"displayName\":\"App\\\\Jobs\\\\SendMail_CancelOrder\",\"job\":\"Illuminate\\\\Queue\\\\CallQueuedHandler@call\",\"maxTries\":null,\"maxExceptions\":null,\"failOnTimeout\":false,\"backoff\":null,\"timeout\":null,\"retryUntil\":null,\"data\":{\"commandName\":\"App\\\\Jobs\\\\SendMail_CancelOrder\",\"command\":\"O:29:\\\"App\\\\Jobs\\\\SendMail_CancelOrder\\\":2:{s:8:\\\"\\u0000*\\u0000email\\\";s:21:\\\"ThanhLinh32@gmail.com\\\";s:5:\\\"delay\\\";O:25:\\\"Illuminate\\\\Support\\\\Carbon\\\":3:{s:4:\\\"date\\\";s:26:\\\"2024-01-29 15:20:08.202089\\\";s:13:\\\"timezone_type\\\";i:3;s:8:\\\"timezone\\\";s:3:\\\"UTC\\\";}}\"}}', 0, NULL, 1706541608, 1706541606),
(23, 'default', '{\"uuid\":\"590261fc-4c06-49d8-9e13-796355f1b876\",\"displayName\":\"App\\\\Jobs\\\\SendMail_CancelOrder\",\"job\":\"Illuminate\\\\Queue\\\\CallQueuedHandler@call\",\"maxTries\":null,\"maxExceptions\":null,\"failOnTimeout\":false,\"backoff\":null,\"timeout\":null,\"retryUntil\":null,\"data\":{\"commandName\":\"App\\\\Jobs\\\\SendMail_CancelOrder\",\"command\":\"O:29:\\\"App\\\\Jobs\\\\SendMail_CancelOrder\\\":2:{s:8:\\\"\\u0000*\\u0000email\\\";s:21:\\\"ThanhLinh32@gmail.com\\\";s:5:\\\"delay\\\";O:25:\\\"Illuminate\\\\Support\\\\Carbon\\\":3:{s:4:\\\"date\\\";s:26:\\\"2024-01-29 15:20:48.952745\\\";s:13:\\\"timezone_type\\\";i:3;s:8:\\\"timezone\\\";s:3:\\\"UTC\\\";}}\"}}', 0, NULL, 1706541648, 1706541646),
(24, 'default', '{\"uuid\":\"b979c26b-d6cf-4b83-8341-22fe614b244a\",\"displayName\":\"App\\\\Jobs\\\\SendMail_CancelOrder\",\"job\":\"Illuminate\\\\Queue\\\\CallQueuedHandler@call\",\"maxTries\":null,\"maxExceptions\":null,\"failOnTimeout\":false,\"backoff\":null,\"timeout\":null,\"retryUntil\":null,\"data\":{\"commandName\":\"App\\\\Jobs\\\\SendMail_CancelOrder\",\"command\":\"O:29:\\\"App\\\\Jobs\\\\SendMail_CancelOrder\\\":2:{s:8:\\\"\\u0000*\\u0000email\\\";s:21:\\\"ThanhLinh32@gmail.com\\\";s:5:\\\"delay\\\";O:25:\\\"Illuminate\\\\Support\\\\Carbon\\\":3:{s:4:\\\"date\\\";s:26:\\\"2024-01-29 15:24:47.597533\\\";s:13:\\\"timezone_type\\\";i:3;s:8:\\\"timezone\\\";s:3:\\\"UTC\\\";}}\"}}', 0, NULL, 1706541887, 1706541885),
(25, 'default', '{\"uuid\":\"c707e4e7-0dd8-4b56-8690-3e6001f9c26b\",\"displayName\":\"App\\\\Jobs\\\\SendMail_CancelOrder\",\"job\":\"Illuminate\\\\Queue\\\\CallQueuedHandler@call\",\"maxTries\":null,\"maxExceptions\":null,\"failOnTimeout\":false,\"backoff\":null,\"timeout\":null,\"retryUntil\":null,\"data\":{\"commandName\":\"App\\\\Jobs\\\\SendMail_CancelOrder\",\"command\":\"O:29:\\\"App\\\\Jobs\\\\SendMail_CancelOrder\\\":2:{s:8:\\\"\\u0000*\\u0000email\\\";s:25:\\\"khuyendt.22itb@vku.udn.vn\\\";s:5:\\\"delay\\\";O:25:\\\"Illuminate\\\\Support\\\\Carbon\\\":3:{s:4:\\\"date\\\";s:26:\\\"2024-01-29 15:42:12.675606\\\";s:13:\\\"timezone_type\\\";i:3;s:8:\\\"timezone\\\";s:3:\\\"UTC\\\";}}\"}}', 0, NULL, 1706542932, 1706542930),
(26, 'default', '{\"uuid\":\"db756710-228d-45e2-bf3a-588e90ce8217\",\"displayName\":\"App\\\\Jobs\\\\SendMail_CancelOrder\",\"job\":\"Illuminate\\\\Queue\\\\CallQueuedHandler@call\",\"maxTries\":null,\"maxExceptions\":null,\"failOnTimeout\":false,\"backoff\":null,\"timeout\":null,\"retryUntil\":null,\"data\":{\"commandName\":\"App\\\\Jobs\\\\SendMail_CancelOrder\",\"command\":\"O:29:\\\"App\\\\Jobs\\\\SendMail_CancelOrder\\\":2:{s:8:\\\"\\u0000*\\u0000email\\\";s:25:\\\"khuyendt.22itb@vku.udn.vn\\\";s:5:\\\"delay\\\";O:25:\\\"Illuminate\\\\Support\\\\Carbon\\\":3:{s:4:\\\"date\\\";s:26:\\\"2024-01-29 15:53:06.726650\\\";s:13:\\\"timezone_type\\\";i:3;s:8:\\\"timezone\\\";s:3:\\\"UTC\\\";}}\"}}', 0, NULL, 1706543586, 1706543584),
(27, 'default', '{\"uuid\":\"8216b789-b425-4527-938b-910d1e1f62cf\",\"displayName\":\"App\\\\Jobs\\\\SendMail_CancelOrder\",\"job\":\"Illuminate\\\\Queue\\\\CallQueuedHandler@call\",\"maxTries\":null,\"maxExceptions\":null,\"failOnTimeout\":false,\"backoff\":null,\"timeout\":null,\"retryUntil\":null,\"data\":{\"commandName\":\"App\\\\Jobs\\\\SendMail_CancelOrder\",\"command\":\"O:29:\\\"App\\\\Jobs\\\\SendMail_CancelOrder\\\":2:{s:8:\\\"\\u0000*\\u0000email\\\";s:25:\\\"khuyendt.22itb@vku.udn.vn\\\";s:5:\\\"delay\\\";O:25:\\\"Illuminate\\\\Support\\\\Carbon\\\":3:{s:4:\\\"date\\\";s:26:\\\"2024-01-29 15:56:50.691808\\\";s:13:\\\"timezone_type\\\";i:3;s:8:\\\"timezone\\\";s:3:\\\"UTC\\\";}}\"}}', 0, NULL, 1706543810, 1706543808),
(28, 'default', '{\"uuid\":\"eda6fe62-9d73-4849-82be-32969173c4f0\",\"displayName\":\"App\\\\Jobs\\\\SendMail\",\"job\":\"Illuminate\\\\Queue\\\\CallQueuedHandler@call\",\"maxTries\":null,\"maxExceptions\":null,\"failOnTimeout\":false,\"backoff\":null,\"timeout\":null,\"retryUntil\":null,\"data\":{\"commandName\":\"App\\\\Jobs\\\\SendMail\",\"command\":\"O:17:\\\"App\\\\Jobs\\\\SendMail\\\":2:{s:8:\\\"\\u0000*\\u0000email\\\";s:25:\\\"khuyendt.22itb@vku.udn.vn\\\";s:5:\\\"delay\\\";O:25:\\\"Illuminate\\\\Support\\\\Carbon\\\":3:{s:4:\\\"date\\\";s:26:\\\"2024-01-29 16:27:09.404456\\\";s:13:\\\"timezone_type\\\";i:3;s:8:\\\"timezone\\\";s:3:\\\"UTC\\\";}}\"}}', 0, NULL, 1706545629, 1706545627),
(29, 'default', '{\"uuid\":\"af4373c6-03a0-47fc-9e12-ae68db21586c\",\"displayName\":\"App\\\\Jobs\\\\SendMail\",\"job\":\"Illuminate\\\\Queue\\\\CallQueuedHandler@call\",\"maxTries\":null,\"maxExceptions\":null,\"failOnTimeout\":false,\"backoff\":null,\"timeout\":null,\"retryUntil\":null,\"data\":{\"commandName\":\"App\\\\Jobs\\\\SendMail\",\"command\":\"O:17:\\\"App\\\\Jobs\\\\SendMail\\\":2:{s:8:\\\"\\u0000*\\u0000email\\\";s:25:\\\"khuyendt.22itb@vku.udn.vn\\\";s:5:\\\"delay\\\";O:25:\\\"Illuminate\\\\Support\\\\Carbon\\\":3:{s:4:\\\"date\\\";s:26:\\\"2024-01-29 16:27:50.849432\\\";s:13:\\\"timezone_type\\\";i:3;s:8:\\\"timezone\\\";s:3:\\\"UTC\\\";}}\"}}', 0, NULL, 1706545670, 1706545668),
(30, 'default', '{\"uuid\":\"f18a516b-ea37-494a-aace-bc35bb058a92\",\"displayName\":\"App\\\\Jobs\\\\SendMail\",\"job\":\"Illuminate\\\\Queue\\\\CallQueuedHandler@call\",\"maxTries\":null,\"maxExceptions\":null,\"failOnTimeout\":false,\"backoff\":null,\"timeout\":null,\"retryUntil\":null,\"data\":{\"commandName\":\"App\\\\Jobs\\\\SendMail\",\"command\":\"O:17:\\\"App\\\\Jobs\\\\SendMail\\\":2:{s:8:\\\"\\u0000*\\u0000email\\\";s:25:\\\"khuyendt.22itb@vku.udn.vn\\\";s:5:\\\"delay\\\";O:25:\\\"Illuminate\\\\Support\\\\Carbon\\\":3:{s:4:\\\"date\\\";s:26:\\\"2024-01-29 16:28:15.792446\\\";s:13:\\\"timezone_type\\\";i:3;s:8:\\\"timezone\\\";s:3:\\\"UTC\\\";}}\"}}', 0, NULL, 1706545695, 1706545693),
(31, 'default', '{\"uuid\":\"9bf15878-e09e-4eaf-a0a2-00ebecccb3fa\",\"displayName\":\"App\\\\Jobs\\\\SendMail_CancelOrder\",\"job\":\"Illuminate\\\\Queue\\\\CallQueuedHandler@call\",\"maxTries\":null,\"maxExceptions\":null,\"failOnTimeout\":false,\"backoff\":null,\"timeout\":null,\"retryUntil\":null,\"data\":{\"commandName\":\"App\\\\Jobs\\\\SendMail_CancelOrder\",\"command\":\"O:29:\\\"App\\\\Jobs\\\\SendMail_CancelOrder\\\":2:{s:8:\\\"\\u0000*\\u0000email\\\";s:25:\\\"khuyendt.22itb@vku.udn.vn\\\";s:5:\\\"delay\\\";O:25:\\\"Illuminate\\\\Support\\\\Carbon\\\":3:{s:4:\\\"date\\\";s:26:\\\"2024-01-29 16:29:00.249714\\\";s:13:\\\"timezone_type\\\";i:3;s:8:\\\"timezone\\\";s:3:\\\"UTC\\\";}}\"}}', 0, NULL, 1706545740, 1706545738),
(32, 'default', '{\"uuid\":\"63f49c5b-8fa5-49d2-aa33-c112f2f19221\",\"displayName\":\"App\\\\Jobs\\\\SendMail\",\"job\":\"Illuminate\\\\Queue\\\\CallQueuedHandler@call\",\"maxTries\":null,\"maxExceptions\":null,\"failOnTimeout\":false,\"backoff\":null,\"timeout\":null,\"retryUntil\":null,\"data\":{\"commandName\":\"App\\\\Jobs\\\\SendMail\",\"command\":\"O:17:\\\"App\\\\Jobs\\\\SendMail\\\":2:{s:8:\\\"\\u0000*\\u0000email\\\";s:23:\\\"minhht.22itb@vku.udn.vn\\\";s:5:\\\"delay\\\";O:25:\\\"Illuminate\\\\Support\\\\Carbon\\\":3:{s:4:\\\"date\\\";s:26:\\\"2024-01-29 16:43:36.111375\\\";s:13:\\\"timezone_type\\\";i:3;s:8:\\\"timezone\\\";s:3:\\\"UTC\\\";}}\"}}', 0, NULL, 1706546616, 1706546614),
(33, 'default', '{\"uuid\":\"0a2ac37f-a3f2-45fd-b77e-59bf371ee520\",\"displayName\":\"App\\\\Jobs\\\\SendMail_CancelOrder\",\"job\":\"Illuminate\\\\Queue\\\\CallQueuedHandler@call\",\"maxTries\":null,\"maxExceptions\":null,\"failOnTimeout\":false,\"backoff\":null,\"timeout\":null,\"retryUntil\":null,\"data\":{\"commandName\":\"App\\\\Jobs\\\\SendMail_CancelOrder\",\"command\":\"O:29:\\\"App\\\\Jobs\\\\SendMail_CancelOrder\\\":2:{s:8:\\\"\\u0000*\\u0000email\\\";s:23:\\\"minhht.22itb@vku.udn.vn\\\";s:5:\\\"delay\\\";O:25:\\\"Illuminate\\\\Support\\\\Carbon\\\":3:{s:4:\\\"date\\\";s:26:\\\"2024-01-29 16:54:44.575924\\\";s:13:\\\"timezone_type\\\";i:3;s:8:\\\"timezone\\\";s:3:\\\"UTC\\\";}}\"}}', 0, NULL, 1706547284, 1706547282),
(34, 'default', '{\"uuid\":\"92d0ff29-38a9-4371-b0c2-8864f1861b33\",\"displayName\":\"App\\\\Jobs\\\\SendMail\",\"job\":\"Illuminate\\\\Queue\\\\CallQueuedHandler@call\",\"maxTries\":null,\"maxExceptions\":null,\"failOnTimeout\":false,\"backoff\":null,\"timeout\":null,\"retryUntil\":null,\"data\":{\"commandName\":\"App\\\\Jobs\\\\SendMail\",\"command\":\"O:17:\\\"App\\\\Jobs\\\\SendMail\\\":2:{s:8:\\\"\\u0000*\\u0000email\\\";s:25:\\\"khuyendt.22itb@vku.udn.vn\\\";s:5:\\\"delay\\\";O:25:\\\"Illuminate\\\\Support\\\\Carbon\\\":3:{s:4:\\\"date\\\";s:26:\\\"2024-01-31 07:16:39.732244\\\";s:13:\\\"timezone_type\\\";i:3;s:8:\\\"timezone\\\";s:3:\\\"UTC\\\";}}\"}}', 0, NULL, 1706685399, 1706685398),
(35, 'default', '{\"uuid\":\"42584e6c-886f-4e1c-ae39-b723a7f58200\",\"displayName\":\"App\\\\Jobs\\\\SendMail\",\"job\":\"Illuminate\\\\Queue\\\\CallQueuedHandler@call\",\"maxTries\":null,\"maxExceptions\":null,\"failOnTimeout\":false,\"backoff\":null,\"timeout\":null,\"retryUntil\":null,\"data\":{\"commandName\":\"App\\\\Jobs\\\\SendMail\",\"command\":\"O:17:\\\"App\\\\Jobs\\\\SendMail\\\":2:{s:8:\\\"\\u0000*\\u0000email\\\";s:24:\\\"daothikhuyen30@gmail.com\\\";s:5:\\\"delay\\\";O:25:\\\"Illuminate\\\\Support\\\\Carbon\\\":3:{s:4:\\\"date\\\";s:26:\\\"2024-01-31 07:28:15.459462\\\";s:13:\\\"timezone_type\\\";i:3;s:8:\\\"timezone\\\";s:3:\\\"UTC\\\";}}\"}}', 0, NULL, 1706686095, 1706686093);

-- --------------------------------------------------------

--
-- Table structure for table `menus`
--

CREATE TABLE `menus` (
  `id` bigint(20) UNSIGNED NOT NULL,
  `name` varchar(255) NOT NULL,
  `parent_id` int(11) NOT NULL,
  `description` text NOT NULL,
  `content` longtext NOT NULL,
  `active` int(11) NOT NULL,
  `created_at` timestamp NULL DEFAULT NULL,
  `updated_at` timestamp NULL DEFAULT NULL
) ENGINE=InnoDB DEFAULT CHARSET=utf8mb4 COLLATE=utf8mb4_unicode_ci;

--
-- Dumping data for table `menus`
--

INSERT INTO `menus` (`id`, `name`, `parent_id`, `description`, `content`, `active`, `created_at`, `updated_at`) VALUES
(3, 'THỂ LOẠI', 0, 'danh mục cha', '<p>danh mục</p>', 1, '2024-01-07 06:27:13', '2024-01-12 09:36:58'),
(4, 'Văn Học', 3, 'dđ', '<p>dđ</p>', 1, '2024-01-08 01:30:07', '2024-01-14 09:21:24'),
(6, 'LIÊN HỆ', 0, 'liên hệ', '<p>liên hệ</p>', 1, '2024-01-10 05:29:57', '2024-01-11 07:43:54'),
(7, 'HỔ TRỢ', 0, 'HỔ TRỢ', '<p>HỔ TRỢ</p>', 1, '2024-01-10 05:37:47', '2024-01-11 07:44:21'),
(8, 'Tâm Lý-Kỹ Năng Sống', 3, 'kỹ năng', '<p>kỹ năng</p>', 1, '2024-01-10 05:39:40', '2024-01-10 05:40:30'),
(9, 'Tiểu Sử - Hồi Ký', 3, 'ký', '<p>ký</p>', 1, '2024-01-10 05:40:17', '2024-01-10 05:40:38'),
(10, 'Ngôn Tình', 3, 'tình', '<p>tình</p>', 1, '2024-01-10 05:43:29', '2024-01-10 05:43:29'),
(11, 'Manga-Comic', 3, 'manga', '<p>manga</p>', 1, '2024-01-13 07:05:39', '2024-01-13 07:05:39'),
(12, 'Tiểu Thuyết', 3, 'tiểu thuyết', '<p>tiểu thuyết</p>', 1, '2024-01-13 08:48:51', '2024-01-13 08:48:51');

-- --------------------------------------------------------

--
-- Table structure for table `migrations`
--

CREATE TABLE `migrations` (
  `id` int(10) UNSIGNED NOT NULL,
  `migration` varchar(255) NOT NULL,
  `batch` int(11) NOT NULL
) ENGINE=InnoDB DEFAULT CHARSET=utf8mb4 COLLATE=utf8mb4_unicode_ci;

--
-- Dumping data for table `migrations`
--

INSERT INTO `migrations` (`id`, `migration`, `batch`) VALUES
(1, '2014_10_12_000000_create_users_table', 1),
(2, '2014_10_12_100000_create_password_reset_tokens_table', 1),
(3, '2019_08_19_000000_create_failed_jobs_table', 1),
(4, '2019_12_14_000001_create_personal_access_tokens_table', 1),
(5, '2023_10_09_171857_create_menus_table', 2),
(6, '2023_11_19_102437_create_products_table', 3),
(7, '2023_11_19_103333_update_table_product', 4),
(8, '2023_11_19_104734_update_table_product', 5),
(9, '2023_11_19_104903_update_table_product', 6),
(10, '2024_01_06_123939_create_menus_table', 7),
(11, '2024_01_08_023254_create_products_table', 8),
(12, '2024_01_08_084455_update_table_product', 9),
(13, '2024_01_08_085142_update_table_product', 10),
(14, '2024_01_08_092811_update2_table_product', 11),
(15, '2024_01_08_135942_create_table_slider', 12),
(16, '2024_01_20_094715_create_carts_table', 13),
(21, '2024_01_25_080448_create_orders_table', 14),
(22, '2024_01_25_080630_create_order_details_table', 15),
(23, '2024_01_27_020543_create_jobs_table', 16),
(24, '2024_01_27_131115_create_jobs_table', 17),
(25, '2024_01_29_175529_create_promotes_table', 18),
(26, '2024_01_31_064434_create_comments_table', 19);

-- --------------------------------------------------------

--
-- Table structure for table `orders`
--

CREATE TABLE `orders` (
  `id` bigint(20) UNSIGNED NOT NULL,
  `id_user` int(11) NOT NULL,
  `fullname` varchar(255) NOT NULL,
  `email` varchar(255) NOT NULL,
  `phone_number` int(11) NOT NULL,
  `address` varchar(255) NOT NULL,
  `note` text DEFAULT NULL,
  `total_price` varchar(255) NOT NULL,
  `status` int(11) NOT NULL COMMENT '0 : chưa xác nhận\r\n1: Đã Giao,\r\n2: Đã Huỷ',
  `created_at` timestamp NULL DEFAULT NULL,
  `updated_at` timestamp NULL DEFAULT NULL
) ENGINE=InnoDB DEFAULT CHARSET=utf8mb4 COLLATE=utf8mb4_unicode_ci;

--
-- Dumping data for table `orders`
--

INSERT INTO `orders` (`id`, `id_user`, `fullname`, `email`, `phone_number`, `address`, `note`, `total_price`, `status`, `created_at`, `updated_at`) VALUES
(97, 4, 'Lê Thị Thảo Vân', 'khuyendt.22itb@vku.udn.vn', 834006551, 'Tam Kỳ', NULL, '21990', 2, '2024-01-29 09:27:48', '2024-01-29 09:28:58'),
(98, 4, 'Thanh Linh', 'khuyendt.22itb@vku.udn.vn', 12345678, 'Tam Ky , Quang Nam', NULL, '99240', 1, '2024-01-29 09:28:13', '2024-01-29 09:28:48'),
(99, 4, 'Minh', 'minhht.22itb@vku.udn.vn', 834006565, 'Tam Ky , DN', NULL, '53990', 2, '2024-01-29 09:43:34', '2024-01-29 09:54:42'),
(100, 4, 'Đào Ngọc Khuê', 'khuyendt.22itb@vku.udn.vn', 834226554, 'Tam Kỳ, Quảng Nam', NULL, '487840', 1, '2024-01-31 00:16:37', '2024-01-31 00:17:37'),
(101, 4, 'Đào Minh Khả', 'daothikhuyen30@gmail.com', 834006551, 'Tam Kỳ, Quảng Nam', NULL, '189490', 0, '2024-01-31 00:28:13', '2024-01-31 00:28:13');

-- --------------------------------------------------------

--
-- Table structure for table `order_details`
--

CREATE TABLE `order_details` (
  `id` bigint(20) UNSIGNED NOT NULL,
  `id_order` bigint(20) UNSIGNED NOT NULL,
  `id_product` bigint(20) UNSIGNED NOT NULL,
  `quantity` int(11) NOT NULL,
  `price` decimal(10,2) NOT NULL,
  `created_at` timestamp NULL DEFAULT NULL,
  `updated_at` timestamp NULL DEFAULT NULL
) ENGINE=InnoDB DEFAULT CHARSET=utf8mb4 COLLATE=utf8mb4_unicode_ci;

--
-- Dumping data for table `order_details`
--

INSERT INTO `order_details` (`id`, `id_order`, `id_product`, `quantity`, `price`, `created_at`, `updated_at`) VALUES
(53, 97, 15, 1, '32000.00', NULL, NULL),
(54, 98, 6, 1, '109250.00', NULL, NULL),
(55, 99, 15, 2, '32000.00', NULL, NULL),
(56, 100, 4, 1, '170100.00', NULL, NULL),
(57, 100, 6, 3, '109250.00', NULL, NULL),
(58, 101, 7, 1, '199500.00', NULL, NULL);

-- --------------------------------------------------------

--
-- Table structure for table `password_reset_tokens`
--

CREATE TABLE `password_reset_tokens` (
  `email` varchar(255) NOT NULL,
  `token` varchar(255) NOT NULL,
  `created_at` timestamp NULL DEFAULT NULL
) ENGINE=InnoDB DEFAULT CHARSET=utf8mb4 COLLATE=utf8mb4_unicode_ci;

-- --------------------------------------------------------

--
-- Table structure for table `personal_access_tokens`
--

CREATE TABLE `personal_access_tokens` (
  `id` bigint(20) UNSIGNED NOT NULL,
  `tokenable_type` varchar(255) NOT NULL,
  `tokenable_id` bigint(20) UNSIGNED NOT NULL,
  `name` varchar(255) NOT NULL,
  `token` varchar(64) NOT NULL,
  `abilities` text DEFAULT NULL,
  `last_used_at` timestamp NULL DEFAULT NULL,
  `expires_at` timestamp NULL DEFAULT NULL,
  `created_at` timestamp NULL DEFAULT NULL,
  `updated_at` timestamp NULL DEFAULT NULL
) ENGINE=InnoDB DEFAULT CHARSET=utf8mb4 COLLATE=utf8mb4_unicode_ci;

-- --------------------------------------------------------

--
-- Table structure for table `products`
--

CREATE TABLE `products` (
  `id` bigint(20) UNSIGNED NOT NULL,
  `name` varchar(255) NOT NULL,
  `description` text NOT NULL,
  `menu_id` int(11) NOT NULL,
  `price` float DEFAULT NULL,
  `price_sale` float DEFAULT NULL,
  `active` int(11) NOT NULL,
  `image` varchar(255) NOT NULL,
  `created_at` timestamp NULL DEFAULT NULL,
  `updated_at` timestamp NULL DEFAULT NULL,
  `publisher` varchar(255) NOT NULL,
  `author` varchar(255) NOT NULL,
  `quantity` int(11) NOT NULL,
  `discount` int(11) NOT NULL
) ENGINE=InnoDB DEFAULT CHARSET=utf8mb4 COLLATE=utf8mb4_unicode_ci;

--
-- Dumping data for table `products`
--

INSERT INTO `products` (`id`, `name`, `description`, `menu_id`, `price`, `price_sale`, `active`, `image`, `created_at`, `updated_at`, `publisher`, `author`, `quantity`, `discount`) VALUES
(4, 'Đêm Nay Có Rượu - Tập 1', '<p><strong>Thông tin sản phẩm</strong></p><figure class=\"table\"><table><tbody><tr><td>Mã hàng</td><td>8935212362009</td></tr><tr><td>Tên Nhà Cung Cấp</td><td><a href=\"https://www.fahasa.com/dinh-ti?fhs_campaign=ATTRIBUTE_PRODUCT\">Đinh Tị</a></td></tr><tr><td>Tác giả</td><td>Chúc Tiểu Cửu</td></tr><tr><td>Người Dịch</td><td>Liên Phụng</td></tr><tr><td>NXB</td><td>Văn Học</td></tr><tr><td>Năm XB</td><td>2023</td></tr><tr><td>Trọng lượng (gr)</td><td>450</td></tr><tr><td>Kích Thước Bao Bì</td><td>20.5 x 14.5 x 2.2</td></tr><tr><td>Số trang</td><td>448</td></tr><tr><td>Hình thức</td><td>Bìa Mềm</td></tr><tr><td>Sản phẩm bán chạy nhất</td><td><a href=\"https://www.fahasa.com/sach-trong-nuoc/van-hoc-trong-nuoc/ngon-tinh.html?order=num_orders_month\">Top 100 sản phẩm Ngôn Tình bán chạy của tháng</a></td></tr><tr><td colspan=\"2\"><p>Giá sản phẩm trên Fahasa.com đã bao gồm thuế theo luật hiện hành. Bên cạnh đó, tuỳ vào loại sản phẩm, hình thức và địa chỉ giao hàng mà có thể phát sinh thêm chi phí khác như Phụ phí đóng gói, phí vận chuyển, phụ phí hàng cồng kềnh,...</p><p>Chính sách khuyến mãi trên Fahasa.com không áp dụng cho Hệ thống Nhà sách Fahasa trên toàn quốc</p></td></tr></tbody></table></figure><p>Trong nửa cuộc đời đã qua của anh, rất ít người nhìn anh bằng ánh mắt tràn đầy kỳ vọng. Người ta luôn nói với anh rằng: “Tiêu Sách, cuộc đời này chẳng phải quá dài, hãy cứ được sao biết vậy, có thể vui vẻ nhất thời là tốt rồi, không cần phải cố gắng đến thế, không cần phải sống một cách mệt mỏi như vậy.” Chính anh đã không chịu, suy nghĩ của anh không giống với người khác, cho nên anh vẫn luôn phải bước đi trong sự cô độc.</p><p>Nhưng rồi có một người xuất hiện, một người thấu hiểu anh, thậm chí còn đồng hành với anh. Ân tình đó, với anh mà nói đã không chỉ đơn thuần là ơn tri ngộ nữa rồi.</p>', 4, 170100, 160000, 1, '/storage/uploads/2024/01/12/dem_nay_co_ruou.jpg', '2024-01-12 10:52:18', '2024-01-31 00:16:37', 'Văn Học', 'Chúc Tiểu Cửu', 0, 0),
(5, 'Tặng Người, Người Ấy Em Thương', '<p>&nbsp;</p><figure class=\"table\"><table><tbody><tr><td>Mã hàng</td><td>8935325012150</td></tr><tr><td>Tên Nhà Cung Cấp</td><td><a href=\"https://www.fahasa.com/az-viet-nam?fhs_campaign=ATTRIBUTE_PRODUCT\">AZ Việt Nam</a></td></tr><tr><td>Tác giả</td><td>Dưa</td></tr><tr><td>NXB</td><td>Thanh Niên</td></tr><tr><td>Năm XB</td><td>2023</td></tr><tr><td>Ngôn Ngữ</td><td>Tiếng Việt</td></tr><tr><td>Trọng lượng (gr)</td><td>160</td></tr><tr><td>Kích Thước Bao Bì</td><td>19 x 12 x 0.7 cm</td></tr><tr><td>Số trang</td><td>144</td></tr><tr><td>Hình thức</td><td>Bìa Mềm</td></tr><tr><td>Sản phẩm bán chạy nhất</td><td><a href=\"https://www.fahasa.com/sach-trong-nuoc/van-hoc-trong-nuoc/tho-ca-tuc-ngu-ca-dao-thanh-ngu.html?order=num_orders_month\">Top 100 sản phẩm Thơ ca, tục ngữ, ca dao, thành ngữ bán chạy của tháng</a></td></tr><tr><td colspan=\"2\"><p>Giá sản phẩm trên Fahasa.com đã bao gồm thuế theo luật hiện hành. Bên cạnh đó, tuỳ vào loại sản phẩm, hình thức và địa chỉ giao hàng mà có thể phát sinh thêm chi phí khác như Phụ phí đóng gói, phí vận chuyển, phụ phí hàng cồng kềnh,...</p><p>Chính sách khuyến mãi trên Fahasa.com không áp dụng cho Hệ thống Nhà sách Fahasa trên toàn quốc</p></td></tr></tbody></table></figure><p><strong>Tặng Người, Người Ấy Em Thương</strong></p><p><strong>TẶNG NGƯỜI, NGƯỜI ẤY EM THƯƠNG</strong> - Lời tỏ tình ngọt ngào thay cho những tâm hồn đang yêu đơn phương</p><p>“Mùa thu khiến em thổn thức</p><p>Nồng nàn hoa sữa vấn vương</p><p>Mùa thu ghé qua một lúc</p><p>Tặng người - người ấy… em thương.”</p><p>“Tặng người, người ấy em thương” là tập thơ thứ hai của Dưa - một tác giả từng được biết đến thông qua cuốn sách “Ngày hôm nay của em thế nào?”... - gửi tới những tâm hồn đa cảm khi mùa thu chớm về. Những trang viết là tiếng lòng thổn thức của một cô gái yêu đơn phương, là cảm xúc dành cho chàng trai mà cô ngày đêm mong nhớ.</p><p>Bạn sẽ dễ dàng tìm thấy chính mình, vấn vương đâu đó trong mỗi vần thơ. Đó là sự rung động khi bắt gặp một ánh mắt khiến bản thân cả đời không quên, là nỗi dằn vặt khi đem lòng yêu thương ai đó nhưng chẳng đủ can đảm tỏ bày… Lật giở từng trang sách, độc giả không chỉ cảm nhận được nỗi nhớ trải dài khắp ba miền Bắc - Trung - Nam, mà còn ngập chìm trong hành trình của những cặp đôi đang, sẽ và đã từng yêu nhau.</p><p>---</p><p>Bạn thân mến, bạn có đang đơn phương ai đó? Liệu bạn có muốn thổ lộ tình cảm chân thành của mình?</p><p>“Tặng người, người ấy em thương” chính là món quà ngọt ngào, ý nghĩa nhất bạn có thể gửi tặng người dấu yêu, thay cho lời tỏ tình ngại ngùng bấy lâu chưa dám ngỏ.</p><p>Nhân một ngày thu nắng đẹp, BeU xin gửi đến bạn cuốn sách “Tặng người, người ấy em thương”. Mong rằng những vần thơ sẽ vỗ về trái tim mềm yếu của bạn, trao cho bạn chút dũng khí tỏ tình. Để rồi cuốn sách sẽ thực hiện đúng sứ mệnh của nó - nằm trong trong tay “người ấy” mà “em thương”.</p>', 4, 69000, 60000, 1, '/storage/uploads/2024/01/12/tang_nguoi_nguoi_ay-em-thuong.jpg', '2024-01-12 11:08:25', '2024-01-30 18:26:01', 'Thanh Niên', 'Dưa', 20, 0),
(6, 'Chúc Một Ngày Tốt Lành (Tái Bản 2019)', '<p><strong>Thông tin sản phẩm</strong></p><figure class=\"table\"><table><tbody><tr><td>Mã hàng</td><td>8934974160328</td></tr><tr><td>Tên Nhà Cung Cấp</td><td><a href=\"https://www.fahasa.com/nxb-tre?fhs_campaign=ATTRIBUTE_PRODUCT\">NXB Trẻ</a></td></tr><tr><td>Tác giả</td><td><a href=\"https://www.fahasa.com/nguyen-nhat-anh?fhs_campaign=ATTRIBUTE_PRODUCT\">Nguyễn Nhật Ánh</a></td></tr><tr><td>NXB</td><td>NXB Trẻ</td></tr><tr><td>Năm XB</td><td>2019</td></tr><tr><td>Trọng lượng (gr)</td><td>300</td></tr><tr><td>Kích Thước Bao Bì</td><td>13 x 20 x 1.3</td></tr><tr><td>Số trang</td><td>282</td></tr><tr><td>Hình thức</td><td>Bìa Mềm</td></tr><tr><td>Sản phẩm hiển thị trong</td><td><ul><li><a href=\"https://www.fahasa.com/nguyen-nhat-anh?fhs_campaign=INTERNAL_LINKING\">Nguyễn Nhật Ánh</a></li></ul></td></tr><tr><td>Sản phẩm bán chạy nhất</td><td><a href=\"https://www.fahasa.com/sach-trong-nuoc/van-hoc-trong-nuoc/tieu-thuyet.html?order=num_orders_month\">Top 100 sản phẩm Tiểu thuyết bán chạy của tháng</a></td></tr><tr><td colspan=\"2\"><p>Giá sản phẩm trên Fahasa.com đã bao gồm thuế theo luật hiện hành. Bên cạnh đó, tuỳ vào loại sản phẩm, hình thức và địa chỉ giao hàng mà có thể phát sinh thêm chi phí khác như Phụ phí đóng gói, phí vận chuyển, phụ phí hàng cồng kềnh,...</p><p>Chính sách khuyến mãi trên Fahasa.com không áp dụng cho Hệ thống Nhà sách Fahasa trên toàn quốc</p></td></tr></tbody></table></figure><p>Đọc tựa cuốn sách mới nhất của nhà văn Nguyễn Nhật Ánh là muốn mở ngay trang sách. Bạn sẽ thấy một thứ ngôn ngữ lạ của Hàn Quốc hay của nước nào tùy bạn đoán,&nbsp;Gô un un&nbsp;là&nbsp;Chào buổi sáng; Un gô gô&nbsp;là&nbsp;Chúc ngủ ngon,&nbsp;và nữa, Chiếp un un; Ăng gô gô; Chiếp chiếp gô…</p><p>Sau chó Bê Tô, rồi Hai con mèo ngồi bên cửa sổ, nhà văn viết về một cặp heo</p><p>Nhân vật chính là hai con heo con, Lọ Nồi thông minh và Đeo Nơ xinh đẹp, cùng bạn chó Mõm Ngắn con chị Vện, mẹ Nái Sề, anh Đuôi Xoăn, Cánh Cụt và bọn gà chíp nhà chị Mái Hoa,… đã làm nên một câu chuyện vô cùng thú vị..</p><p>Và thế giới trở nên thay đổi!</p><figure class=\"table\"><table><tbody><tr><td>Mã hàng</td><td>8934974160328</td></tr><tr><td>Tên Nhà Cung Cấp</td><td><a href=\"https://www.fahasa.com/nxb-tre?fhs_campaign=ATTRIBUTE_PRODUCT\">NXB Trẻ</a></td></tr><tr><td>Tác giả</td><td><a href=\"https://www.fahasa.com/nguyen-nhat-anh?fhs_campaign=ATTRIBUTE_PRODUCT\">Nguyễn Nhật Ánh</a></td></tr><tr><td>NXB</td><td>NXB Trẻ</td></tr><tr><td>Năm XB</td><td>2019</td></tr><tr><td>Trọng lượng (gr)</td><td>300</td></tr><tr><td>Kích Thước Bao Bì</td><td>13 x 20 x 1.3</td></tr><tr><td>Số trang</td><td>282</td></tr><tr><td>Hình thức</td><td>Bìa Mềm</td></tr><tr><td>Sản phẩm hiển thị trong</td><td><ul><li><a href=\"https://www.fahasa.com/nguyen-nhat-anh?fhs_campaign=INTERNAL_LINKING\">Nguyễn Nhật Ánh</a></li></ul></td></tr><tr><td>Sản phẩm bán chạy nhất</td><td><a href=\"https://www.fahasa.com/sach-trong-nuoc/van-hoc-trong-nuoc/tieu-thuyet.html?order=num_orders_month\">Top 100 sản phẩm Tiểu thuyết bán chạy của tháng</a></td></tr><tr><td colspan=\"2\"><p>Giá sản phẩm trên Fahasa.com đã bao gồm thuế theo luật hiện hành. Bên cạnh đó, tuỳ vào loại sản phẩm, hình thức và địa chỉ giao hàng mà có thể phát sinh thêm chi phí khác như Phụ phí đóng gói, phí vận chuyển, phụ phí hàng cồng kềnh,...</p><p>Chính sách khuyến mãi trên Fahasa.com không áp dụng cho Hệ thống Nhà sách Fahasa trên toàn quốc</p></td></tr></tbody></table></figure><p>Đọc tựa cuốn sách mới nhất của nhà văn Nguyễn Nhật Ánh là muốn mở ngay trang sách. Bạn sẽ thấy một thứ ngôn ngữ lạ của Hàn Quốc hay của nước nào tùy bạn đoán,&nbsp;Gô un un&nbsp;là&nbsp;Chào buổi sáng; Un gô gô&nbsp;là&nbsp;Chúc ngủ ngon,&nbsp;và nữa, Chiếp un un; Ăng gô gô; Chiếp chiếp gô…</p><p>Sau chó Bê Tô, rồi Hai con mèo ngồi bên cửa sổ, nhà văn viết về một cặp heo</p><p>Nhân vật chính là hai con heo con, Lọ Nồi thông minh và Đeo Nơ xinh đẹp, cùng bạn chó Mõm Ngắn con chị Vện, mẹ Nái Sề, anh Đuôi Xoăn, Cánh Cụt và bọn gà chíp nhà chị Mái Hoa,… đã làm nên một câu chuyện vô cùng thú vị..</p><p>Và thế giới trở nên thay đổi!</p>', 9, 115000, 110000, 1, '/storage/uploads/2024/01/12/chuc_mot_ngay-tot_lanh.jpg', '2024-01-12 11:10:43', '2024-01-31 00:16:37', 'NXB Trẻ', 'Nguyễn Nhật Ánh', 25, 5),
(7, 'Sống Ước Mơ Và Khác Vọng', '<p><strong>Thông tin sản phẩm</strong></p><figure class=\"table\"><table><tbody><tr><td>Mã hàng</td><td>9786043445541</td></tr><tr><td>Nhà Cung Cấp</td><td><a href=\"https://www.fahasa.com/all-category.html?supplier_list=1228062&amp;fhs_campaign=ATTRIBUTE_PRODUCT\">CÔNG TY TNHH PHÁT HÀNH S BOOKS</a></td></tr><tr><td>Tác giả</td><td>Đào Ngọc Cường</td></tr><tr><td>NXB</td><td>Dân Trí</td></tr><tr><td>Năm XB</td><td>2021</td></tr><tr><td>Trọng lượng (gr)</td><td>265</td></tr><tr><td>Kích Thước Bao Bì</td><td>20 x 13 x 1.3 cm</td></tr><tr><td>Số trang</td><td>261</td></tr><tr><td>Hình thức</td><td>Bìa Mềm</td></tr><tr><td>Sản phẩm bán chạy nhất</td><td><a href=\"https://www.fahasa.com/sach-trong-nuoc/tam-ly-ky-nang-song/ky-nang-song.html?order=num_orders_month\">Top 100 sản phẩm Kỹ năng sống bán chạy của tháng</a></td></tr><tr><td colspan=\"2\"><p>Giá sản phẩm trên Fahasa.com đã bao gồm thuế theo luật hiện hành. Bên cạnh đó, tuỳ vào loại sản phẩm, hình thức và địa chỉ giao hàng mà có thể phát sinh thêm chi phí khác như Phụ phí đóng gói, phí vận chuyển, phụ phí hàng cồng kềnh,...</p><p>Chính sách khuyến mãi trên Fahasa.com không áp dụng cho Hệ thống Nhà sách Fahasa trên toàn quốc</p></td></tr></tbody></table></figure><p><strong>Sống Ước Mơ Và Khác Vọng</strong></p><p><strong>“SỐNG ƯỚC MƠ VÀ KHÁT VỌNG”</strong> là tác phẩm tâm huyết của Diễn giả <strong>Đào Ngọc Cường</strong>. Mỗi trang viết đều gửi gắm những tâm sự về quãng đời mà anh ấy đã đi qua, một câu chuyện có thật.</p><p>“Tuổi thơ chăn bò”, “cú sốc đầu đời”, “nghỉ học vì quá nghèo”, “mẩu bánh mì và kì thi 5.000 đồng” là những kí ức về một tuổi thơ nhọc nhằn, khốn khó, những nỗi đau vượt sức của một đứa trẻ.</p><p>Phía sau những trang viết ấy, một nửa còn lại của cuốn sách, tác giả dành viết cho hành trình lập nghiệp. “Khởi nghiệp từ con số 0”, “rủi ro và thách thức”, “trưởng thành từ những kì thi” hành trình lập nghiệp của tác giả vẫn gặp muôn ngàn thách thức buộc tác giả phải vượt qua và trưởng thành.</p><p>Sau tất cả, những khó khăn và thử thách vẫn không ngăn được ước mơ và khát khao mạnh mẽ của tác giả.</p><p>Mỗi câu chuyện là một bài học cho các đối tượng độc giả. Đặc biệt, là những người đang mong muốn có được khát vọng, dám thay đổi để thực hiện ước mơ, những học sinh đang ở ngưỡng cửa trưởng thành.</p><figure class=\"table\"><table><tbody><tr><td>Mã hàng</td><td>9786043445541</td></tr><tr><td>Nhà Cung Cấp</td><td><a href=\"https://www.fahasa.com/all-category.html?supplier_list=1228062&amp;fhs_campaign=ATTRIBUTE_PRODUCT\">CÔNG TY TNHH PHÁT HÀNH S BOOKS</a></td></tr><tr><td>Tác giả</td><td>Đào Ngọc Cường</td></tr><tr><td>NXB</td><td>Dân Trí</td></tr><tr><td>Năm XB</td><td>2021</td></tr><tr><td>Trọng lượng (gr)</td><td>265</td></tr><tr><td>Kích Thước Bao Bì</td><td>20 x 13 x 1.3 cm</td></tr><tr><td>Số trang</td><td>261</td></tr><tr><td>Hình thức</td><td>Bìa Mềm</td></tr><tr><td>Sản phẩm bán chạy nhất</td><td><a href=\"https://www.fahasa.com/sach-trong-nuoc/tam-ly-ky-nang-song/ky-nang-song.html?order=num_orders_month\">Top 100 sản phẩm Kỹ năng sống bán chạy của tháng</a></td></tr><tr><td colspan=\"2\"><p>Giá sản phẩm trên Fahasa.com đã bao gồm thuế theo luật hiện hành. Bên cạnh đó, tuỳ vào loại sản phẩm, hình thức và địa chỉ giao hàng mà có thể phát sinh thêm chi phí khác như Phụ phí đóng gói, phí vận chuyển, phụ phí hàng cồng kềnh,...</p><p>Chính sách khuyến mãi trên Fahasa.com không áp dụng cho Hệ thống Nhà sách Fahasa trên toàn quốc</p></td></tr></tbody></table></figure><p><strong>Sống Ước Mơ Và Khác Vọng</strong></p><p><strong>“SỐNG ƯỚC MƠ VÀ KHÁT VỌNG”</strong> là tác phẩm tâm huyết của Diễn giả <strong>Đào Ngọc Cường</strong>. Mỗi trang viết đều gửi gắm những tâm sự về quãng đời mà anh ấy đã đi qua, một câu chuyện có thật.</p><p>“Tuổi thơ chăn bò”, “cú sốc đầu đời”, “nghỉ học vì quá nghèo”, “mẩu bánh mì và kì thi 5.000 đồng” là những kí ức về một tuổi thơ nhọc nhằn, khốn khó, những nỗi đau vượt sức của một đứa trẻ.</p><p>Phía sau những trang viết ấy, một nửa còn lại của cuốn sách, tác giả dành viết cho hành trình lập nghiệp. “Khởi nghiệp từ con số 0”, “rủi ro và thách thức”, “trưởng thành từ những kì thi” hành trình lập nghiệp của tác giả vẫn gặp muôn ngàn thách thức buộc tác giả phải vượt qua và trưởng thành.</p><p>Sau tất cả, những khó khăn và thử thách vẫn không ngăn được ước mơ và khát khao mạnh mẽ của tác giả.</p><p>Mỗi câu chuyện là một bài học cho các đối tượng độc giả. Đặc biệt, là những người đang mong muốn có được khát vọng, dám thay đổi để thực hiện ước mơ, những học sinh đang ở ngưỡng cửa trưởng thành.</p>', 8, 210000, 210000, 1, '/storage/uploads/2024/01/12/song_uoc_mo_va_khat_vong.jpg', '2024-01-12 11:12:48', '2024-01-31 00:28:13', 'Dân Trí', 'Đào Ngọc Cường', 1, 5),
(9, 'Trứng Như Ý', '<p><strong>Thông tin sản phẩm</strong></p><figure class=\"table\"><table><tbody><tr><td>Mã hàng</td><td>8936186546686</td></tr><tr><td>Tên Nhà Cung Cấp</td><td><a href=\"https://www.fahasa.com/az-viet-nam?fhs_campaign=ATTRIBUTE_PRODUCT\">AZ Việt Nam</a></td></tr><tr><td>Tác giả</td><td>Đại Phong Quát Quá</td></tr><tr><td>Người Dịch</td><td>Hằng Nguyễn</td></tr><tr><td>NXB</td><td>NXB Hồng Đức</td></tr><tr><td>Năm XB</td><td>2020</td></tr><tr><td>Ngôn Ngữ</td><td>Tiếng Việt</td></tr><tr><td>Trọng lượng (gr)</td><td>450</td></tr><tr><td>Kích Thước Bao Bì</td><td>20.5 x 14.5 cm</td></tr><tr><td>Số trang</td><td>424</td></tr><tr><td>Hình thức</td><td>Bìa Mềm</td></tr><tr><td>Sản phẩm bán chạy nhất</td><td><a href=\"https://www.fahasa.com/sach-trong-nuoc/dam-y.html?order=num_orders_month\">Top 100 sản phẩm Đam Mỹ bán chạy của tháng</a></td></tr><tr><td colspan=\"2\"><p>Giá sản phẩm trên Fahasa.com đã bao gồm thuế theo luật hiện hành. Bên cạnh đó, tuỳ vào loại sản phẩm, hình thức và địa chỉ giao hàng mà có thể phát sinh thêm chi phí khác như Phụ phí đóng gói, phí vận chuyển, phụ phí hàng cồng kềnh,...</p><p>Chính sách khuyến mãi trên Fahasa.com không áp dụng cho Hệ thống Nhà sách Fahasa trên toàn quốc</p></td></tr></tbody></table></figure><p><strong>Trứng Như Ý</strong></p><p>Bích Hoa Linh Quân nổi tiếng trên tiên giới là một vị thần tiên yêu thích linh thú, trừ loài có lông vũ ra thì con gì Bích Hoa Linh Quân cũng đã từng nuôi dưỡng. Một lần vô tình cùng Đông Hoa Đế Quân nói chuyện, chàng được biết về một “quả trứng” vô cùng đặc biệt trong tay Ngọc Đế, bèn đi xin về nuôi dưỡng. Nghe nói quả trứng này có thể giúp người ta ước gì được nấy, muốn ấp ra thứ gì thì ấp ra thứ đó.</p><p>Vốn là kẻ đam mê trân thú, Bích Hoa vô cùng yêu thích quả trứng này, ngày ôm đêm ấp, một tấc không rời. Chỉ là… không ai nghĩ tới cuối cùng thứ mà chàng nhọc tâm ấp ra lại chẳng phải loài linh thú quý hiếm nào cả, mà là một con linh hổ chẳng có gì đặc biệt. So ra còn có phần kém hơn các linh thú khác chàng đã từng nuôi.</p><p>Từ lúc có thêm chú hổ ấy, trong nhà Bích Hoa càng ngày càng “náo nhiệt”. Nay thì nhóc hồ ly bị chọc ghẹo, mai lại đến bé chồn tinh bị “phi lễ”… Từ chú báo con mới dứt sữa cho tới cụ rùa trăm tuổi, chẳng ai tránh thoát. Cái tên nhóc này chẳng những cọ cọ liếm liếm khắp nơi, mà còn mắc tật xấu có mới nới cũ! Hoàn toàn chẳng giống một con linh thú bình thường tẹo nào.</p><p>Một ngày nọ, Bích Hoa Linh Quân bất ngờ phát hiện thứ mình ấp ra đúng thật không phải một con hổ bình thường. Bởi nó vốn dĩ đâu phải hổ, mà thực chất chính là phượng hoàng – Tử Hư Tiên Đế Đan Chu thuộc hàng bô lão, ngang hàng với Ngọc Đế. Chuyện kể rằng khi xưa Đan Chu hi sinh pháp lực của mình để cứu thiên giới, nên mới chui vào trứng để tu luyện lại từ đầu.</p><p>Mối nhân duyên của họ tưởng như đã kết thúc khi Đan Chu hiện nguyên hình và trở về với vai vế vốn có của bản thân. Nhưng khi Đan Chu trở về cung điện mà Ngọc Đế xây cho mình, hắn lại cảm thấy vô cùng trống vắng và nhàm chán. Cảm giác duy nhất, thứ duy nhất khiến Đan Chu hứng thú chỉ có bốn chữ: Bích Hoa Linh Quân.</p><p>Cùng lúc ấy, Bích Hoa phụng chỉ xuống trần gian điều tra việc đế vương thế gian cuồng loạn, Đan Chu liền nhân cơ hội đi theo, nào ngờ lại gặp lại vị thần bảo hộ thế gian - Phù Lê Tiên Đế nay đã sắp tiêu tán hình thần. Những ký ức và bí mật năm xưa được hé mở, nhờ đó mà Đan Chu đã phát hiện ra câu chuyện của Bích Hoa khi chưa thành tiên, cũng như cuộc gặp gỡ định mệnh giữa hai người, khiến cho Bích Hoa nhớ mãi không quên…</p><p>“Trứng Như Ý” là câu chuyện duyên nợ quá khứ và hiện tại của một Bích Hoa Linh Quân trầm tĩnh dịu dàng, cùng một Tử Hư Tiên Đế Đan Chu phong lưu nhưng lại có đôi phần ngốc nghếch. Là tác phẩm thuộc thể loại thần tiên, huyền huyễn không thể bỏ lỡ của tác giả Đại Phong Quát Quá.</p><figure class=\"table\"><table><tbody><tr><td>Mã hàng</td><td>8936186546686</td></tr><tr><td>Tên Nhà Cung Cấp</td><td><a href=\"https://www.fahasa.com/az-viet-nam?fhs_campaign=ATTRIBUTE_PRODUCT\">AZ Việt Nam</a></td></tr><tr><td>Tác giả</td><td>Đại Phong Quát Quá</td></tr><tr><td>Người Dịch</td><td>Hằng Nguyễn</td></tr><tr><td>NXB</td><td>NXB Hồng Đức</td></tr><tr><td>Năm XB</td><td>2020</td></tr><tr><td>Ngôn Ngữ</td><td>Tiếng Việt</td></tr><tr><td>Trọng lượng (gr)</td><td>450</td></tr><tr><td>Kích Thước Bao Bì</td><td>20.5 x 14.5 cm</td></tr><tr><td>Số trang</td><td>424</td></tr><tr><td>Hình thức</td><td>Bìa Mềm</td></tr><tr><td>Sản phẩm bán chạy nhất</td><td><a href=\"https://www.fahasa.com/sach-trong-nuoc/dam-y.html?order=num_orders_month\">Top 100 sản phẩm Đam Mỹ bán chạy của tháng</a></td></tr><tr><td colspan=\"2\"><p>Giá sản phẩm trên Fahasa.com đã bao gồm thuế theo luật hiện hành. Bên cạnh đó, tuỳ vào loại sản phẩm, hình thức và địa chỉ giao hàng mà có thể phát sinh thêm chi phí khác như Phụ phí đóng gói, phí vận chuyển, phụ phí hàng cồng kềnh,...</p><p>Chính sách khuyến mãi trên Fahasa.com không áp dụng cho Hệ thống Nhà sách Fahasa trên toàn quốc</p></td></tr></tbody></table></figure><p><strong>Trứng Như Ý</strong></p><p>Bích Hoa Linh Quân nổi tiếng trên tiên giới là một vị thần tiên yêu thích linh thú, trừ loài có lông vũ ra thì con gì Bích Hoa Linh Quân cũng đã từng nuôi dưỡng. Một lần vô tình cùng Đông Hoa Đế Quân nói chuyện, chàng được biết về một “quả trứng” vô cùng đặc biệt trong tay Ngọc Đế, bèn đi xin về nuôi dưỡng. Nghe nói quả trứng này có thể giúp người ta ước gì được nấy, muốn ấp ra thứ gì thì ấp ra thứ đó.</p><p>Vốn là kẻ đam mê trân thú, Bích Hoa vô cùng yêu thích quả trứng này, ngày ôm đêm ấp, một tấc không rời. Chỉ là… không ai nghĩ tới cuối cùng thứ mà chàng nhọc tâm ấp ra lại chẳng phải loài linh thú quý hiếm nào cả, mà là một con linh hổ chẳng có gì đặc biệt. So ra còn có phần kém hơn các linh thú khác chàng đã từng nuôi.</p><p>Từ lúc có thêm chú hổ ấy, trong nhà Bích Hoa càng ngày càng “náo nhiệt”. Nay thì nhóc hồ ly bị chọc ghẹo, mai lại đến bé chồn tinh bị “phi lễ”… Từ chú báo con mới dứt sữa cho tới cụ rùa trăm tuổi, chẳng ai tránh thoát. Cái tên nhóc này chẳng những cọ cọ liếm liếm khắp nơi, mà còn mắc tật xấu có mới nới cũ! Hoàn toàn chẳng giống một con linh thú bình thường tẹo nào.</p><p>Một ngày nọ, Bích Hoa Linh Quân bất ngờ phát hiện thứ mình ấp ra đúng thật không phải một con hổ bình thường. Bởi nó vốn dĩ đâu phải hổ, mà thực chất chính là phượng hoàng – Tử Hư Tiên Đế Đan Chu thuộc hàng bô lão, ngang hàng với Ngọc Đế. Chuyện kể rằng khi xưa Đan Chu hi sinh pháp lực của mình để cứu thiên giới, nên mới chui vào trứng để tu luyện lại từ đầu.</p><p>Mối nhân duyên của họ tưởng như đã kết thúc khi Đan Chu hiện nguyên hình và trở về với vai vế vốn có của bản thân. Nhưng khi Đan Chu trở về cung điện mà Ngọc Đế xây cho mình, hắn lại cảm thấy vô cùng trống vắng và nhàm chán. Cảm giác duy nhất, thứ duy nhất khiến Đan Chu hứng thú chỉ có bốn chữ: Bích Hoa Linh Quân.</p><p>Cùng lúc ấy, Bích Hoa phụng chỉ xuống trần gian điều tra việc đế vương thế gian cuồng loạn, Đan Chu liền nhân cơ hội đi theo, nào ngờ lại gặp lại vị thần bảo hộ thế gian - Phù Lê Tiên Đế nay đã sắp tiêu tán hình thần. Những ký ức và bí mật năm xưa được hé mở, nhờ đó mà Đan Chu đã phát hiện ra câu chuyện của Bích Hoa khi chưa thành tiên, cũng như cuộc gặp gỡ định mệnh giữa hai người, khiến cho Bích Hoa nhớ mãi không quên…</p><p>“Trứng Như Ý” là câu chuyện duyên nợ quá khứ và hiện tại của một Bích Hoa Linh Quân trầm tĩnh dịu dàng, cùng một Tử Hư Tiên Đế Đan Chu phong lưu nhưng lại có đôi phần ngốc nghếch. Là tác phẩm thuộc thể loại thần tiên, huyền huyễn không thể bỏ lỡ của tác giả Đại Phong Quát Quá.</p>', 10, 159000, 150000, 1, '/storage/uploads/2024/01/12/trung-nhu_y.jpg', '2024-01-12 11:16:09', '2024-01-27 06:16:59', 'NXB Hồng Đức', 'Đại Phong Quát Quá', 18, 4),
(10, 'Lời Cầu Cứu Của Kẻ Sát Nhân', '<p><strong>Thông tin sản phẩm</strong></p><figure class=\"table\"><table><tbody><tr><td>Mã hàng</td><td>3300000013626</td></tr><tr><td>Tên Nhà Cung Cấp</td><td><a href=\"https://www.fahasa.com/alpha-books?fhs_campaign=ATTRIBUTE_PRODUCT\">Alpha Books</a></td></tr><tr><td>Tác giả</td><td>Trần Thái Minh Thư</td></tr><tr><td>NXB</td><td>NXB Hội Nhà Văn</td></tr><tr><td>Năm XB</td><td>2022</td></tr><tr><td>Ngôn Ngữ</td><td>Tiếng Trung</td></tr><tr><td>Trọng lượng (gr)</td><td>400</td></tr><tr><td>Kích Thước Bao Bì</td><td>20.5 x 14 x 1 cm</td></tr><tr><td>Số trang</td><td>488</td></tr><tr><td>Hình thức</td><td>Bìa Mềm</td></tr><tr><td>Sản phẩm hiển thị trong</td><td><ul><li><a href=\"https://www.fahasa.com/alpha-books?fhs_campaign=INTERNAL_LINKING\">Alpha Books</a></li></ul></td></tr><tr><td>Sản phẩm bán chạy nhất</td><td><a href=\"https://www.fahasa.com/sach-trong-nuoc/van-hoc-trong-nuoc/tieu-thuyet.html?order=num_orders_month\">Top 100 sản phẩm Tiểu thuyết bán chạy của tháng</a></td></tr><tr><td colspan=\"2\"><p>Giá sản phẩm trên Fahasa.com đã bao gồm thuế theo luật hiện hành. Bên cạnh đó, tuỳ vào loại sản phẩm, hình thức và địa chỉ giao hàng mà có thể phát sinh thêm chi phí khác như Phụ phí đóng gói, phí vận chuyển, phụ phí hàng cồng kềnh,...</p><p>Chính sách khuyến mãi trên Fahasa.com không áp dụng cho Hệ thống Nhà sách Fahasa trên toàn quốc</p></td></tr></tbody></table></figure><p><strong>Lời Cầu Cứu Của Kẻ Sát Nhân</strong></p><p>“Khi tôi chết đi nỗi đau của tôi sẽ chấm dứt nhưng nỗi đau của những người yêu thương tôi chỉ mới bắt đầu…”</p><p>(Trích từ sách Lời Cầu Cứu Của Kẻ Sát Nhân)</p><p>Muốn phá hủy một đứa trẻ thật ra chỉ cần một câu nói, nhưng để xoa dịu lại chúng có khi cần phải dùng cả cuộc đời</p><p>Bạn vĩnh viễn cũng không thể nào ngờ được sức sát thương của lời nói đáng sợ như thế nào cho đến khi bạn là người nghenhững câu nói đó từ người khác.</p><p>Những loài động vật kỳ lạ được bảo vệ, còn những người kỳ lạ lại bị kỳ thị. Cuộc sống này song hành với đẹp đẽ ắt có sự tồi tệ. Thế giới nơi mà chúng ta đang sống, bao dung một người lại là điều hoang đường nhất…</p><p>Đây là một câu chuyện mang màu sắc u ám xoay quanh nhân vật Thiên Ái – một nữ bác sĩ pháp y. Với vẻ ngoài điềm đạm chẳng ai biết được Thiên Ái luôn mang vỏ bọc đó để che giấu bên trong sự vụn vỡ của tâm hồn, khi mỗi ngàycô đều phải vật lộn với căn bệnh trầm cảm.</p><p>Hàng loạt vụ án mạng xảy ra, tuy nhiên hiện trường lại được dọn dẹp sạch sẽ, không để lại bất kỳ dấu vết gì cho thấy hung thủ có khả năng phản trinh sát rất cao. Nạn nhân bị giết bằng cách tiêm thuốc độc vào đúng tĩnh mạch chứng tỏ hung thủ là người có học thức, khả năng từng học qua y học. Tổ trọng án điều tra đến đâu manh mối liền bị đứt đoạn ở đó, nghi ngờ có người trong đội là nội gián. Phòng hình sự đã âm thầm điều tra riêng và bất ngờ là Thiên Ái trở thành đối tượng tình nghi số một của cảnh sát.&nbsp;</p><p>Liệu Thiên Ái có phải là sát nhân của chuỗi vụ án liên hoàn này không? Hay cô chỉ là một con cờ bị dẫn dắt bởi một bàn tay vô hình của kẻ thủ ác?</p><p>Tất cả sẽ được được giải đáp sau khi các bạn đọc xong câu chuyện này.</p><p><strong>Về tác giả:</strong></p><p>Trần Thái Minh Thư. Là cây bút mới trong làng tiểu thuyết Việt Nam. Hiện tại là một biên kịch và diễn viên tự do. Luôn muốn mang đến cho mọi người những tác phẩm nhân văn có chiều sâu ẩn kèm thông điệp ý nghĩa.&nbsp;</p><p>Chia sẻ từ tác giả: Gửi đến ai đã từng có ý định tự tử trong những năm qua. Cảm ơn bạn vì đã ở lại.</p><p>Gửi đến những bạn độc giả lời cảm ơn chân thành nhất vì đã lựa chọn cuốn sách này trong hàng vạn cuốn tiểu thuyết ngoài kia. Mong rằng cả bạn và tôi, chúng ta đều sẽ bình an và vui vẽ ở quãng đời còn lại.</p><figure class=\"table\"><table><tbody><tr><td>Mã hàng</td><td>3300000013626</td></tr><tr><td>Tên Nhà Cung Cấp</td><td><a href=\"https://www.fahasa.com/alpha-books?fhs_campaign=ATTRIBUTE_PRODUCT\">Alpha Books</a></td></tr><tr><td>Tác giả</td><td>Trần Thái Minh Thư</td></tr><tr><td>NXB</td><td>NXB Hội Nhà Văn</td></tr><tr><td>Năm XB</td><td>2022</td></tr><tr><td>Ngôn Ngữ</td><td>Tiếng Trung</td></tr><tr><td>Trọng lượng (gr)</td><td>400</td></tr><tr><td>Kích Thước Bao Bì</td><td>20.5 x 14 x 1 cm</td></tr><tr><td>Số trang</td><td>488</td></tr><tr><td>Hình thức</td><td>Bìa Mềm</td></tr><tr><td>Sản phẩm hiển thị trong</td><td><ul><li><a href=\"https://www.fahasa.com/alpha-books?fhs_campaign=INTERNAL_LINKING\">Alpha Books</a></li></ul></td></tr><tr><td>Sản phẩm bán chạy nhất</td><td><a href=\"https://www.fahasa.com/sach-trong-nuoc/van-hoc-trong-nuoc/tieu-thuyet.html?order=num_orders_month\">Top 100 sản phẩm Tiểu thuyết bán chạy của tháng</a></td></tr><tr><td colspan=\"2\"><p>Giá sản phẩm trên Fahasa.com đã bao gồm thuế theo luật hiện hành. Bên cạnh đó, tuỳ vào loại sản phẩm, hình thức và địa chỉ giao hàng mà có thể phát sinh thêm chi phí khác như Phụ phí đóng gói, phí vận chuyển, phụ phí hàng cồng kềnh,...</p><p>Chính sách khuyến mãi trên Fahasa.com không áp dụng cho Hệ thống Nhà sách Fahasa trên toàn quốc</p></td></tr></tbody></table></figure><p><strong>Lời Cầu Cứu Của Kẻ Sát Nhân</strong></p><p>“Khi tôi chết đi nỗi đau của tôi sẽ chấm dứt nhưng nỗi đau của những người yêu thương tôi chỉ mới bắt đầu…”</p><p>(Trích từ sách Lời Cầu Cứu Của Kẻ Sát Nhân)</p><p>Muốn phá hủy một đứa trẻ thật ra chỉ cần một câu nói, nhưng để xoa dịu lại chúng có khi cần phải dùng cả cuộc đời</p><p>Bạn vĩnh viễn cũng không thể nào ngờ được sức sát thương của lời nói đáng sợ như thế nào cho đến khi bạn là người nghenhững câu nói đó từ người khác.</p><p>Những loài động vật kỳ lạ được bảo vệ, còn những người kỳ lạ lại bị kỳ thị. Cuộc sống này song hành với đẹp đẽ ắt có sự tồi tệ. Thế giới nơi mà chúng ta đang sống, bao dung một người lại là điều hoang đường nhất…</p><p>Đây là một câu chuyện mang màu sắc u ám xoay quanh nhân vật Thiên Ái – một nữ bác sĩ pháp y. Với vẻ ngoài điềm đạm chẳng ai biết được Thiên Ái luôn mang vỏ bọc đó để che giấu bên trong sự vụn vỡ của tâm hồn, khi mỗi ngàycô đều phải vật lộn với căn bệnh trầm cảm.</p><p>Hàng loạt vụ án mạng xảy ra, tuy nhiên hiện trường lại được dọn dẹp sạch sẽ, không để lại bất kỳ dấu vết gì cho thấy hung thủ có khả năng phản trinh sát rất cao. Nạn nhân bị giết bằng cách tiêm thuốc độc vào đúng tĩnh mạch chứng tỏ hung thủ là người có học thức, khả năng từng học qua y học. Tổ trọng án điều tra đến đâu manh mối liền bị đứt đoạn ở đó, nghi ngờ có người trong đội là nội gián. Phòng hình sự đã âm thầm điều tra riêng và bất ngờ là Thiên Ái trở thành đối tượng tình nghi số một của cảnh sát.&nbsp;</p><p>Liệu Thiên Ái có phải là sát nhân của chuỗi vụ án liên hoàn này không? Hay cô chỉ là một con cờ bị dẫn dắt bởi một bàn tay vô hình của kẻ thủ ác?</p><p>Tất cả sẽ được được giải đáp sau khi các bạn đọc xong câu chuyện này.</p><p><strong>Về tác giả:</strong></p><p>Trần Thái Minh Thư. Là cây bút mới trong làng tiểu thuyết Việt Nam. Hiện tại là một biên kịch và diễn viên tự do. Luôn muốn mang đến cho mọi người những tác phẩm nhân văn có chiều sâu ẩn kèm thông điệp ý nghĩa.&nbsp;</p><p>Chia sẻ từ tác giả: Gửi đến ai đã từng có ý định tự tử trong những năm qua. Cảm ơn bạn vì đã ở lại.</p><p>Gửi đến những bạn độc giả lời cảm ơn chân thành nhất vì đã lựa chọn cuốn sách này trong hàng vạn cuốn tiểu thuyết ngoài kia. Mong rằng cả bạn và tôi, chúng ta đều sẽ bình an và vui vẽ ở quãng đời còn lại.</p>', 10, 159000, 150000, 1, '/storage/uploads/2024/01/12/loi_cau_cuu_ke-sat_nhan.jpg', '2024-01-12 11:18:51', '2024-01-29 08:39:07', 'NXB Hội Nhà Văn', 'Trần Thái Minh Thư', 9, 8),
(11, 'Tâm Tĩnh Tại Chẳng Ngại Đời Rối Ren', '<p><strong>Thông tin sản phẩm</strong></p><figure class=\"table\"><table><tbody><tr><td>Mã hàng</td><td>8936066691451</td></tr><tr><td>Tên Nhà Cung Cấp</td><td><a href=\"https://www.fahasa.com/1980-books?fhs_campaign=ATTRIBUTE_PRODUCT\">1980 Books</a></td></tr><tr><td>Tác giả</td><td>Ryushun Kusanagi</td></tr><tr><td>Người Dịch</td><td>Bo Virgo</td></tr><tr><td>NXB</td><td>NXB Thanh Niên</td></tr><tr><td>Năm XB</td><td>2021</td></tr><tr><td>Ngôn Ngữ</td><td>Tiếng Việt</td></tr><tr><td>Trọng lượng (gr)</td><td>250</td></tr><tr><td>Kích Thước Bao Bì</td><td>19 x 13 cm x 1.2</td></tr><tr><td>Số trang</td><td>246</td></tr><tr><td>Hình thức</td><td>Bìa Mềm</td></tr><tr><td>Sản phẩm hiển thị trong</td><td><ul><li><a href=\"https://www.fahasa.com/1980-books?fhs_campaign=INTERNAL_LINKING\">1980 Books</a></li></ul></td></tr><tr><td>Sản phẩm bán chạy nhất</td><td><a href=\"https://www.fahasa.com/sach-trong-nuoc/tam-ly-ky-nang-song/tam-ly.html?order=num_orders_month\">Top 100 sản phẩm Tâm lý bán chạy của tháng</a></td></tr><tr><td colspan=\"2\"><p>Giá sản phẩm trên Fahasa.com đã bao gồm thuế theo luật hiện hành. Bên cạnh đó, tuỳ vào loại sản phẩm, hình thức và địa chỉ giao hàng mà có thể phát sinh thêm chi phí khác như Phụ phí đóng gói, phí vận chuyển, phụ phí hàng cồng kềnh,...</p><p>Chính sách khuyến mãi trên Fahasa.com không áp dụng cho Hệ thống Nhà sách Fahasa trên toàn quốc</p></td></tr></tbody></table></figure><p><strong>Tâm Tĩnh Tại Chẳng Ngại Đời Rối Ren</strong></p><p>Bạn có đang cảm thấy khó chịu và mất tự tin khi gặp thất bại, không thể tiến về phía trước trong suốt một thời gian dài? Dù không tự nhận thức được, nhưng những áp lực sống đang ngày càng khiến tâm trí ta bị “vấy bẩn”.</p><p>Cuốn sách Tâm tĩnh tại chẳng ngại đời rối ren đúc kết những phương pháp tu tập chánh niệm của Phật giáo trong suốt 2.500 năm, sẽ giúp bạn chữa lành mọi tổn thương trong tâm trí, từ đó có được một cuộc sống thoải mái và tràn đầy năng lượng mỗi ngày. Hãy đọc cuốn sách này và thực hành theo những chỉ dẫn trong đó, rồi bạn sẽ thấy được chánh đạo và tìm ra con đường giải thoát bản thân khỏi khổ đau.</p><p>Cuốn sách gồm năm chương, với nội dung có thể được tóm tắt lại như sau:</p><p>• Dừng lại: Dừng những hoạt động vô ích của tâm trí, đồng thời giảm thiểu những phản ứng tiêu cực để giành lại sự tĩnh tại trong tâm trí.</p><p>• Gạt bỏ: Gạt bỏ những căng thẳng, những điều khiến chúng ta từng cảm thấy không hài lòng, những suy nghĩ vô bổ cứ vẩn vơ trong đầu.</p><p>• Vững vàng: Dừng việc chạy theo người khác và giữ cho bản thân vững vàng trước những thay đổi của thế giới.</p><p>• Tái thiết: Dù có thất bại cũng không cảm thấy dao động, mà hãy giải thoát tâm trí bị trói buộc bởi “quá khứ” đầy tiếc nuối cũng như hối hận.</p><p>• Vượt qua: Làm sáng tỏ “nguyên nhân” của những trăn trở kéo dài suốt nhiều năm, đưa vào thực tiễn những “phương pháp” để vượt qua chúng.</p><p><strong>Thông tin tác giả:</strong></p><p>Ryushun Kusanagi là một thầy tu chân chính, ông chuyển đến Ấn Độ vào năm 16. Hiện tại, ông hoạt động tự do, không phải là môn đồ chính thức của ngôi chùa nào. Ông quan niệm, Phật giáo chính là một con đường rộng mở, giúp ta cải thiện cuộc sống thực tại.</p><p><strong>Trích dẫn hay:</strong></p><p>“Nếu tâm trí chỉ toàn những cảm xúc và suy nghĩ vô bổ, bạn sẽ không thể thoải mái. Nếu phải sống một cuộc đời dài với một “tâm trí vẩn đục” như vậy, bạn sẽ không thể đạt được nhiều thành tựu, hạnh phúc hoặc niềm tin - bạn có nghĩ vậy không?”</p><p>….</p><p>“Tham lam giống như một căn bệnh của tâm trí. Nó khiến chúng ta luôn ở trong trạng thái không hài lòng vì khao khát những gì mình không cần. Với sự tham lam và sân hận đó, con người trở nên thất vọng, nhận lấy, làm tổn thương và cố gắng sử dụng. Nó không làm bạn hài lòng và không tốt cho những người xung quanh - đó là hậu quả của lòng tham”.</p><p>…..</p><p>Nếu trong phòng toàn vết bồ hóng, chắc chắn bạn sẽ chẳng thể vui vẻ mà ở trong đó. Thật không thoải mái gì khi phải sống trong một không gian đầy bụi bẩn và bạn không thể nhìn thấy cảnh đẹp bên ngoài qua những ô cửa sổ bẩn thỉu. Điều tương tự cũng đúng với tâm trí. Nếu bị kích động, nó sẽ vô thức phản ứng, từ đó khiến tâm trí đầy ắp những cảm xúc và suy nghĩ vô ích, khiến ngày tháng trôi qua trong cảm giác chẳng mấy dễ chịu.</p><p>…</p><p>“Khi thế giới bên ngoài chuyển động, ảo tưởng của chúng ta cũng chuyển động theo. Đây chính là lúc những căng thẳng hay bất an xuất hiện. Nguyên nhân của nó là do chúng ta không thể phân biệt được giữa hiện thực và ảo tưởng, giữa phạm vi mà mình có thể điều khiển và phạm vi nằm ngoài tầm với”.</p><p>…</p><p>“Bạn càng mơ tưởng thì lại càng muốn nhiều hơn. Nhưng vì không nhận ra được những gì đang diễn ra trong tâm trí nên chúng ta sẽ không nhận thức được sự xa lạ và cằn cỗi này”.</p><figure class=\"table\"><table><tbody><tr><td>Mã hàng</td><td>8936066691451</td></tr><tr><td>Tên Nhà Cung Cấp</td><td><a href=\"https://www.fahasa.com/1980-books?fhs_campaign=ATTRIBUTE_PRODUCT\">1980 Books</a></td></tr><tr><td>Tác giả</td><td>Ryushun Kusanagi</td></tr><tr><td>Người Dịch</td><td>Bo Virgo</td></tr><tr><td>NXB</td><td>NXB Thanh Niên</td></tr><tr><td>Năm XB</td><td>2021</td></tr><tr><td>Ngôn Ngữ</td><td>Tiếng Việt</td></tr><tr><td>Trọng lượng (gr)</td><td>250</td></tr><tr><td>Kích Thước Bao Bì</td><td>19 x 13 cm x 1.2</td></tr><tr><td>Số trang</td><td>246</td></tr><tr><td>Hình thức</td><td>Bìa Mềm</td></tr><tr><td>Sản phẩm hiển thị trong</td><td><ul><li><a href=\"https://www.fahasa.com/1980-books?fhs_campaign=INTERNAL_LINKING\">1980 Books</a></li></ul></td></tr><tr><td>Sản phẩm bán chạy nhất</td><td><a href=\"https://www.fahasa.com/sach-trong-nuoc/tam-ly-ky-nang-song/tam-ly.html?order=num_orders_month\">Top 100 sản phẩm Tâm lý bán chạy của tháng</a></td></tr><tr><td colspan=\"2\"><p>Giá sản phẩm trên Fahasa.com đã bao gồm thuế theo luật hiện hành. Bên cạnh đó, tuỳ vào loại sản phẩm, hình thức và địa chỉ giao hàng mà có thể phát sinh thêm chi phí khác như Phụ phí đóng gói, phí vận chuyển, phụ phí hàng cồng kềnh,...</p><p>Chính sách khuyến mãi trên Fahasa.com không áp dụng cho Hệ thống Nhà sách Fahasa trên toàn quốc</p></td></tr></tbody></table></figure><p><strong>Tâm Tĩnh Tại Chẳng Ngại Đời Rối Ren</strong></p><p>Bạn có đang cảm thấy khó chịu và mất tự tin khi gặp thất bại, không thể tiến về phía trước trong suốt một thời gian dài? Dù không tự nhận thức được, nhưng những áp lực sống đang ngày càng khiến tâm trí ta bị “vấy bẩn”.</p><p>Cuốn sách Tâm tĩnh tại chẳng ngại đời rối ren đúc kết những phương pháp tu tập chánh niệm của Phật giáo trong suốt 2.500 năm, sẽ giúp bạn chữa lành mọi tổn thương trong tâm trí, từ đó có được một cuộc sống thoải mái và tràn đầy năng lượng mỗi ngày. Hãy đọc cuốn sách này và thực hành theo những chỉ dẫn trong đó, rồi bạn sẽ thấy được chánh đạo và tìm ra con đường giải thoát bản thân khỏi khổ đau.</p><p>Cuốn sách gồm năm chương, với nội dung có thể được tóm tắt lại như sau:</p><p>• Dừng lại: Dừng những hoạt động vô ích của tâm trí, đồng thời giảm thiểu những phản ứng tiêu cực để giành lại sự tĩnh tại trong tâm trí.</p><p>• Gạt bỏ: Gạt bỏ những căng thẳng, những điều khiến chúng ta từng cảm thấy không hài lòng, những suy nghĩ vô bổ cứ vẩn vơ trong đầu.</p><p>• Vững vàng: Dừng việc chạy theo người khác và giữ cho bản thân vững vàng trước những thay đổi của thế giới.</p><p>• Tái thiết: Dù có thất bại cũng không cảm thấy dao động, mà hãy giải thoát tâm trí bị trói buộc bởi “quá khứ” đầy tiếc nuối cũng như hối hận.</p><p>• Vượt qua: Làm sáng tỏ “nguyên nhân” của những trăn trở kéo dài suốt nhiều năm, đưa vào thực tiễn những “phương pháp” để vượt qua chúng.</p><p><strong>Thông tin tác giả:</strong></p><p>Ryushun Kusanagi là một thầy tu chân chính, ông chuyển đến Ấn Độ vào năm 16. Hiện tại, ông hoạt động tự do, không phải là môn đồ chính thức của ngôi chùa nào. Ông quan niệm, Phật giáo chính là một con đường rộng mở, giúp ta cải thiện cuộc sống thực tại.</p><p><strong>Trích dẫn hay:</strong></p><p>“Nếu tâm trí chỉ toàn những cảm xúc và suy nghĩ vô bổ, bạn sẽ không thể thoải mái. Nếu phải sống một cuộc đời dài với một “tâm trí vẩn đục” như vậy, bạn sẽ không thể đạt được nhiều thành tựu, hạnh phúc hoặc niềm tin - bạn có nghĩ vậy không?”</p><p>….</p><p>“Tham lam giống như một căn bệnh của tâm trí. Nó khiến chúng ta luôn ở trong trạng thái không hài lòng vì khao khát những gì mình không cần. Với sự tham lam và sân hận đó, con người trở nên thất vọng, nhận lấy, làm tổn thương và cố gắng sử dụng. Nó không làm bạn hài lòng và không tốt cho những người xung quanh - đó là hậu quả của lòng tham”.</p><p>…..</p><p>Nếu trong phòng toàn vết bồ hóng, chắc chắn bạn sẽ chẳng thể vui vẻ mà ở trong đó. Thật không thoải mái gì khi phải sống trong một không gian đầy bụi bẩn và bạn không thể nhìn thấy cảnh đẹp bên ngoài qua những ô cửa sổ bẩn thỉu. Điều tương tự cũng đúng với tâm trí. Nếu bị kích động, nó sẽ vô thức phản ứng, từ đó khiến tâm trí đầy ắp những cảm xúc và suy nghĩ vô ích, khiến ngày tháng trôi qua trong cảm giác chẳng mấy dễ chịu.</p><p>…</p><p>“Khi thế giới bên ngoài chuyển động, ảo tưởng của chúng ta cũng chuyển động theo. Đây chính là lúc những căng thẳng hay bất an xuất hiện. Nguyên nhân của nó là do chúng ta không thể phân biệt được giữa hiện thực và ảo tưởng, giữa phạm vi mà mình có thể điều khiển và phạm vi nằm ngoài tầm với”.</p><p>…</p><p>“Bạn càng mơ tưởng thì lại càng muốn nhiều hơn. Nhưng vì không nhận ra được những gì đang diễn ra trong tâm trí nên chúng ta sẽ không nhận thức được sự xa lạ và cằn cỗi này”.</p>', 10, 129000, 120000, 1, '/storage/uploads/2024/01/12/tam_tinh_tai_chang_ngai_doi_roi_ren.jpg', '2024-01-12 11:26:09', '2024-01-27 06:33:29', 'NXB Thanh Niên', 'Ryushun Kusanagi', 19, 5),
(12, 'Thám Tử Lừng Danh Conan - Tập 102', '<p><strong>Thông tin sản phẩm</strong></p><figure class=\"table\"><table><tbody><tr><td>Mã hàng</td><td>8935352602157</td></tr><tr><td>Tên Nhà Cung Cấp</td><td><a href=\"https://www.fahasa.com/kim-dong?fhs_campaign=ATTRIBUTE_PRODUCT\">Nhà Xuất Bản Kim Đồng</a></td></tr><tr><td>Tác giả</td><td>Gosho Aoyama</td></tr><tr><td>Người Dịch</td><td>Hương Giang</td></tr><tr><td>NXB</td><td>Kim Đồng</td></tr><tr><td>Năm XB</td><td>2023</td></tr><tr><td>Ngôn Ngữ</td><td>Tiếng Việt</td></tr><tr><td>Trọng lượng (gr)</td><td>200</td></tr><tr><td>Kích Thước Bao Bì</td><td>17.6 x 11.3 x 0.9 cm</td></tr><tr><td>Số trang</td><td>180</td></tr><tr><td>Hình thức</td><td>Bìa Mềm</td></tr><tr><td>Genres</td><td><a href=\"https://www.fahasa.com/all-category.html?genres=1161214&amp;fhs_campaign=ATTRIBUTE_PRODUCT\">Adventure</a>,&nbsp;<a href=\"https://www.fahasa.com/all-category.html?genres=1161215&amp;fhs_campaign=ATTRIBUTE_PRODUCT\">Comedy</a>,&nbsp;<a href=\"https://www.fahasa.com/all-category.html?genres=1161235&amp;fhs_campaign=ATTRIBUTE_PRODUCT\">Shounen</a>,&nbsp;<a href=\"https://www.fahasa.com/all-category.html?genres=1161216&amp;fhs_campaign=ATTRIBUTE_PRODUCT\">Drama</a>,&nbsp;<a href=\"https://www.fahasa.com/all-category.html?genres=1161227&amp;fhs_campaign=ATTRIBUTE_PRODUCT\">Mystery</a>,&nbsp;<a href=\"https://www.fahasa.com/all-category.html?genres=1161230&amp;fhs_campaign=ATTRIBUTE_PRODUCT\">Romance</a>,&nbsp;<a href=\"https://www.fahasa.com/all-category.html?genres=1161231&amp;fhs_campaign=ATTRIBUTE_PRODUCT\">School Life</a></td></tr><tr><td>Sản phẩm bán chạy nhất</td><td><a href=\"https://www.fahasa.com/sach-trong-nuoc/manga-comic/manga/series-manga.html?order=num_orders_month\">Top 100 sản phẩm Series Manga bán chạy của tháng</a></td></tr><tr><td colspan=\"2\"><p>Giá sản phẩm trên Fahasa.com đã bao gồm thuế theo luật hiện hành. Bên cạnh đó, tuỳ vào loại sản phẩm, hình thức và địa chỉ giao hàng mà có thể phát sinh thêm chi phí khác như Phụ phí đóng gói, phí vận chuyển, phụ phí hàng cồng kềnh,...</p><p>Chính sách khuyến mãi trên Fahasa.com không áp dụng cho Hệ thống Nhà sách Fahasa trên toàn quốc</p></td></tr></tbody></table></figure><p><strong>Thám Tử Lừng Danh Conan - Tập 102</strong></p><p>Jugo Yokomizo tình cờ gặp Chihaya Hagiwara tại bữa tiệc mai mối!</p><p>Điều gì hiện lên trong tâm trí Chihaya khi cô chăm chú nhìn Wataru Takagi!?</p><p>Chí nguyện “hoa anh đào” được tiếp nối qua bao thế hệ...</p><p>Và...</p><p>Chẳng hề báo trước, tập truyện này sẽ mở ra những diễn biến đầy bất ngờ.</p><figure class=\"table\"><table><tbody><tr><td>Mã hàng</td><td>8935352602157</td></tr><tr><td>Tên Nhà Cung Cấp</td><td><a href=\"https://www.fahasa.com/kim-dong?fhs_campaign=ATTRIBUTE_PRODUCT\">Nhà Xuất Bản Kim Đồng</a></td></tr><tr><td>Tác giả</td><td>Gosho Aoyama</td></tr><tr><td>Người Dịch</td><td>Hương Giang</td></tr><tr><td>NXB</td><td>Kim Đồng</td></tr><tr><td>Năm XB</td><td>2023</td></tr><tr><td>Ngôn Ngữ</td><td>Tiếng Việt</td></tr><tr><td>Trọng lượng (gr)</td><td>200</td></tr><tr><td>Kích Thước Bao Bì</td><td>17.6 x 11.3 x 0.9 cm</td></tr><tr><td>Số trang</td><td>180</td></tr><tr><td>Hình thức</td><td>Bìa Mềm</td></tr><tr><td>Genres</td><td><a href=\"https://www.fahasa.com/all-category.html?genres=1161214&amp;fhs_campaign=ATTRIBUTE_PRODUCT\">Adventure</a>,&nbsp;<a href=\"https://www.fahasa.com/all-category.html?genres=1161215&amp;fhs_campaign=ATTRIBUTE_PRODUCT\">Comedy</a>,&nbsp;<a href=\"https://www.fahasa.com/all-category.html?genres=1161235&amp;fhs_campaign=ATTRIBUTE_PRODUCT\">Shounen</a>,&nbsp;<a href=\"https://www.fahasa.com/all-category.html?genres=1161216&amp;fhs_campaign=ATTRIBUTE_PRODUCT\">Drama</a>,&nbsp;<a href=\"https://www.fahasa.com/all-category.html?genres=1161227&amp;fhs_campaign=ATTRIBUTE_PRODUCT\">Mystery</a>,&nbsp;<a href=\"https://www.fahasa.com/all-category.html?genres=1161230&amp;fhs_campaign=ATTRIBUTE_PRODUCT\">Romance</a>,&nbsp;<a href=\"https://www.fahasa.com/all-category.html?genres=1161231&amp;fhs_campaign=ATTRIBUTE_PRODUCT\">School Life</a></td></tr><tr><td>Sản phẩm bán chạy nhất</td><td><a href=\"https://www.fahasa.com/sach-trong-nuoc/manga-comic/manga/series-manga.html?order=num_orders_month\">Top 100 sản phẩm Series Manga bán chạy của tháng</a></td></tr><tr><td colspan=\"2\"><p>Giá sản phẩm trên Fahasa.com đã bao gồm thuế theo luật hiện hành. Bên cạnh đó, tuỳ vào loại sản phẩm, hình thức và địa chỉ giao hàng mà có thể phát sinh thêm chi phí khác như Phụ phí đóng gói, phí vận chuyển, phụ phí hàng cồng kềnh,...</p><p>Chính sách khuyến mãi trên Fahasa.com không áp dụng cho Hệ thống Nhà sách Fahasa trên toàn quốc</p></td></tr></tbody></table></figure><p><strong>Thám Tử Lừng Danh Conan - Tập 102</strong></p><p>Jugo Yokomizo tình cờ gặp Chihaya Hagiwara tại bữa tiệc mai mối!</p><p>Điều gì hiện lên trong tâm trí Chihaya khi cô chăm chú nhìn Wataru Takagi!?</p><p>Chí nguyện “hoa anh đào” được tiếp nối qua bao thế hệ...</p><p>Và...</p><p>Chẳng hề báo trước, tập truyện này sẽ mở ra những diễn biến đầy bất ngờ.</p>', 3, 25000, 24000, 1, '/storage/uploads/2024/01/13/conan_bia_tap-102.jpg', '2024-01-13 07:07:14', '2024-01-13 07:07:14', 'Kim Đồng', 'Gosho Aoyama', 30, 5),
(13, 'Iruma Giá Đáo! - Tập 23 - Tặng Kèm Card Giấy', '<p><strong>Thông tin sản phẩm</strong></p><figure class=\"table\"><table><tbody><tr><td>Mã hàng</td><td>8935352602362</td></tr><tr><td>Độ Tuổi</td><td><a href=\"https://www.fahasa.com/all-category.html?age=551073&amp;fhs_campaign=ATTRIBUTE_PRODUCT\">16+</a></td></tr><tr><td>Tên Nhà Cung Cấp</td><td><a href=\"https://www.fahasa.com/kim-dong?fhs_campaign=ATTRIBUTE_PRODUCT\">Nhà Xuất Bản Kim Đồng</a></td></tr><tr><td>Tác giả</td><td>Osamu Nishi</td></tr><tr><td>Người Dịch</td><td>Liên Vũ</td></tr><tr><td>NXB</td><td>Kim Đồng</td></tr><tr><td>Năm XB</td><td>2023</td></tr><tr><td>Ngôn Ngữ</td><td>Tiếng Việt</td></tr><tr><td>Trọng lượng (gr)</td><td>210</td></tr><tr><td>Kích Thước Bao Bì</td><td>17.6 x 11.3 x 0.9 cm</td></tr><tr><td>Số trang</td><td>192</td></tr><tr><td>Hình thức</td><td>Bìa Mềm</td></tr><tr><td>Genres</td><td><a href=\"https://www.fahasa.com/all-category.html?genres=1161214&amp;fhs_campaign=ATTRIBUTE_PRODUCT\">Adventure</a>,&nbsp;<a href=\"https://www.fahasa.com/all-category.html?genres=1161215&amp;fhs_campaign=ATTRIBUTE_PRODUCT\">Comedy</a>,&nbsp;<a href=\"https://www.fahasa.com/all-category.html?genres=1161235&amp;fhs_campaign=ATTRIBUTE_PRODUCT\">Shounen</a>,&nbsp;<a href=\"https://www.fahasa.com/all-category.html?genres=1161220&amp;fhs_campaign=ATTRIBUTE_PRODUCT\">Fantasy</a>,&nbsp;<a href=\"https://www.fahasa.com/all-category.html?genres=1161230&amp;fhs_campaign=ATTRIBUTE_PRODUCT\">Romance</a>,&nbsp;<a href=\"https://www.fahasa.com/all-category.html?genres=1161231&amp;fhs_campaign=ATTRIBUTE_PRODUCT\">School Life</a></td></tr><tr><td>Sản phẩm bán chạy nhất</td><td><a href=\"https://www.fahasa.com/sach-trong-nuoc/manga-comic/manga/manga-khac.html?order=num_orders_month\">Top 100 sản phẩm Manga Khác bán chạy của tháng</a></td></tr><tr><td colspan=\"2\"><p>Giá sản phẩm trên Fahasa.com đã bao gồm thuế theo luật hiện hành. Bên cạnh đó, tuỳ vào loại sản phẩm, hình thức và địa chỉ giao hàng mà có thể phát sinh thêm chi phí khác như Phụ phí đóng gói, phí vận chuyển, phụ phí hàng cồng kềnh,...</p><p>Chính sách khuyến mãi trên Fahasa.com không áp dụng cho Hệ thống Nhà sách Fahasa trên toàn quốc</p></td></tr></tbody></table></figure><p><strong>Iruma Giá Đáo! - Tập 23</strong></p><p>Sau khi lên hạng 5, Iruma bắt đầu phải gánh vác những trách nhiệm lớn lao. Đúng lúc ấy, cậu nhận được tấm thiệp mời tham dự yến tiệc quy tụ những tinh anh ở Ma Giới...!?</p>', 3, 25000, 25000, 1, '/storage/uploads/2024/01/13/iruma-gia-dao_bia_card-giay_tap-23.jpg', '2024-01-13 07:08:48', '2024-01-13 07:54:55', 'Kim Đồng', 'Osamu Nishi', 39, 5);
INSERT INTO `products` (`id`, `name`, `description`, `menu_id`, `price`, `price_sale`, `active`, `image`, `created_at`, `updated_at`, `publisher`, `author`, `quantity`, `discount`) VALUES
(15, 'Magic Kaito Tập 3 (Tái Bản 2022)', '<p><strong>Thông tin sản phẩm</strong></p><figure class=\"table\"><table><tbody><tr><td>Mã hàng</td><td>8935244875867</td></tr><tr><td>Tên Nhà Cung Cấp</td><td><a href=\"https://www.fahasa.com/kim-dong?fhs_campaign=ATTRIBUTE_PRODUCT\">Nhà Xuất Bản Kim Đồng</a></td></tr><tr><td>Tác giả</td><td>Gosho Aoyama</td></tr><tr><td>Người Dịch</td><td>Thảo Aki</td></tr><tr><td>NXB</td><td>Kim Đồng</td></tr><tr><td>Năm XB</td><td>2022</td></tr><tr><td>Trọng lượng (gr)</td><td>200</td></tr><tr><td>Kích Thước Bao Bì</td><td>18 x 13 x 1.4 cm</td></tr><tr><td>Số trang</td><td>180</td></tr><tr><td>Hình thức</td><td>Bìa Mềm</td></tr><tr><td>Genres</td><td><a href=\"https://www.fahasa.com/all-category.html?genres=1161214&amp;fhs_campaign=ATTRIBUTE_PRODUCT\">Adventure</a>,&nbsp;<a href=\"https://www.fahasa.com/all-category.html?genres=1161215&amp;fhs_campaign=ATTRIBUTE_PRODUCT\">Comedy</a>,&nbsp;<a href=\"https://www.fahasa.com/all-category.html?genres=1161235&amp;fhs_campaign=ATTRIBUTE_PRODUCT\">Shounen</a>,&nbsp;<a href=\"https://www.fahasa.com/all-category.html?genres=1161216&amp;fhs_campaign=ATTRIBUTE_PRODUCT\">Drama</a>,&nbsp;<a href=\"https://www.fahasa.com/all-category.html?genres=1161227&amp;fhs_campaign=ATTRIBUTE_PRODUCT\">Mystery</a>,&nbsp;<a href=\"https://www.fahasa.com/all-category.html?genres=1161230&amp;fhs_campaign=ATTRIBUTE_PRODUCT\">Romance</a>,&nbsp;<a href=\"https://www.fahasa.com/all-category.html?genres=1161231&amp;fhs_campaign=ATTRIBUTE_PRODUCT\">School Life</a></td></tr><tr><td>Sản phẩm bán chạy nhất</td><td><a href=\"https://www.fahasa.com/sach-trong-nuoc/manga-comic/manga/manga-khac.html?order=num_orders_month\">Top 100 sản phẩm Manga Khác bán chạy của tháng</a></td></tr><tr><td colspan=\"2\"><p>Giá sản phẩm trên Fahasa.com đã bao gồm thuế theo luật hiện hành. Bên cạnh đó, tuỳ vào loại sản phẩm, hình thức và địa chỉ giao hàng mà có thể phát sinh thêm chi phí khác như Phụ phí đóng gói, phí vận chuyển, phụ phí hàng cồng kềnh,...</p><p>Chính sách khuyến mãi trên Fahasa.com không áp dụng cho Hệ thống Nhà sách Fahasa trên toàn quốc</p></td></tr></tbody></table></figure><p>Hắn chính là Kid, siêu đạo chích hào hoa phong nhã, xuất quý nhập thần luôn phô trương bằng những màn ảo thuật hoành tráng. Đêm nay hắn lại tiếp tục nhắm đến một bảo vật khác, nhưng thám tử lừng danh Hakuba Saguru vừa trở về từ London bỗng xuất hiện!</p><p>Cuộc đối đầu đầy kịch tính giữa Kid và vị thám tử tài ba sẽ có kết quả thế nào!?... Và bí ẩn về cái chết của siêu đạo chích Kid dễ nhất đang dẫn được hé lộ…</p><p>GOSHO AOYAMA</p><p>Sinh năm 1963 tại tỉnh Tottori.</p><p>Năm 1986, ông nhận giải thưởng “Tác phẩm comic dành cho gương mặt mới” của nhà xuất bản Shogakukan với truyện ngắn “Chotto Mattete” (tạm dịch: “Hãy chờ tớ nhé”).</p><p>Các tác phẩm tiêu biểu của ông phải kể đến “YAIBA”, “Thám tử lừng danh Conan”.</p><p>“Thám tử lừng danh Conan” hiện đang được đăng tải dài kì trên tuần san Shonen Sunday.</p><p>Phần tiếp theo của “Magic Kaito” dự kiến sẽ xuất hiện trên Shonen Sunday vào hè năm 2011.</p><figure class=\"table\"><table><tbody><tr><td>Mã hàng</td><td>8935244875867</td></tr><tr><td>Tên Nhà Cung Cấp</td><td><a href=\"https://www.fahasa.com/kim-dong?fhs_campaign=ATTRIBUTE_PRODUCT\">Nhà Xuất Bản Kim Đồng</a></td></tr><tr><td>Tác giả</td><td>Gosho Aoyama</td></tr><tr><td>Người Dịch</td><td>Thảo Aki</td></tr><tr><td>NXB</td><td>Kim Đồng</td></tr><tr><td>Năm XB</td><td>2022</td></tr><tr><td>Trọng lượng (gr)</td><td>200</td></tr><tr><td>Kích Thước Bao Bì</td><td>18 x 13 x 1.4 cm</td></tr><tr><td>Số trang</td><td>180</td></tr><tr><td>Hình thức</td><td>Bìa Mềm</td></tr><tr><td>Genres</td><td><a href=\"https://www.fahasa.com/all-category.html?genres=1161214&amp;fhs_campaign=ATTRIBUTE_PRODUCT\">Adventure</a>,&nbsp;<a href=\"https://www.fahasa.com/all-category.html?genres=1161215&amp;fhs_campaign=ATTRIBUTE_PRODUCT\">Comedy</a>,&nbsp;<a href=\"https://www.fahasa.com/all-category.html?genres=1161235&amp;fhs_campaign=ATTRIBUTE_PRODUCT\">Shounen</a>,&nbsp;<a href=\"https://www.fahasa.com/all-category.html?genres=1161216&amp;fhs_campaign=ATTRIBUTE_PRODUCT\">Drama</a>,&nbsp;<a href=\"https://www.fahasa.com/all-category.html?genres=1161227&amp;fhs_campaign=ATTRIBUTE_PRODUCT\">Mystery</a>,&nbsp;<a href=\"https://www.fahasa.com/all-category.html?genres=1161230&amp;fhs_campaign=ATTRIBUTE_PRODUCT\">Romance</a>,&nbsp;<a href=\"https://www.fahasa.com/all-category.html?genres=1161231&amp;fhs_campaign=ATTRIBUTE_PRODUCT\">School Life</a></td></tr><tr><td>Sản phẩm bán chạy nhất</td><td><a href=\"https://www.fahasa.com/sach-trong-nuoc/manga-comic/manga/manga-khac.html?order=num_orders_month\">Top 100 sản phẩm Manga Khác bán chạy của tháng</a></td></tr><tr><td colspan=\"2\"><p>Giá sản phẩm trên Fahasa.com đã bao gồm thuế theo luật hiện hành. Bên cạnh đó, tuỳ vào loại sản phẩm, hình thức và địa chỉ giao hàng mà có thể phát sinh thêm chi phí khác như Phụ phí đóng gói, phí vận chuyển, phụ phí hàng cồng kềnh,...</p><p>Chính sách khuyến mãi trên Fahasa.com không áp dụng cho Hệ thống Nhà sách Fahasa trên toàn quốc</p></td></tr></tbody></table></figure><p>Hắn chính là Kid, siêu đạo chích hào hoa phong nhã, xuất quý nhập thần luôn phô trương bằng những màn ảo thuật hoành tráng. Đêm nay hắn lại tiếp tục nhắm đến một bảo vật khác, nhưng thám tử lừng danh Hakuba Saguru vừa trở về từ London bỗng xuất hiện!</p><p>Cuộc đối đầu đầy kịch tính giữa Kid và vị thám tử tài ba sẽ có kết quả thế nào!?... Và bí ẩn về cái chết của siêu đạo chích Kid dễ nhất đang dẫn được hé lộ…</p><p>GOSHO AOYAMA</p><p>Sinh năm 1963 tại tỉnh Tottori.</p><p>Năm 1986, ông nhận giải thưởng “Tác phẩm comic dành cho gương mặt mới” của nhà xuất bản Shogakukan với truyện ngắn “Chotto Mattete” (tạm dịch: “Hãy chờ tớ nhé”).</p><p>Các tác phẩm tiêu biểu của ông phải kể đến “YAIBA”, “Thám tử lừng danh Conan”.</p><p>“Thám tử lừng danh Conan” hiện đang được đăng tải dài kì trên tuần san Shonen Sunday.</p><p>Phần tiếp theo của “Magic Kaito” dự kiến sẽ xuất hiện trên Shonen Sunday vào hè năm 2011.</p>', 11, 32000, 17000, 1, '/storage/uploads/2024/01/13/kaito_kid.jpg', '2024-01-13 07:51:52', '2024-01-29 09:43:34', 'Kim Đồng', 'Ryushun Kusanagi', 4, 0),
(16, 'Bên Cửa Ngắm Xuân', '<p><strong>Thông tin sản phẩm</strong></p><figure class=\"table\"><table><tbody><tr><td>Mã hàng</td><td>8935352602669</td></tr><tr><td>Dự Kiến Có Hàng</td><td>24/02/2024</td></tr><tr><td>Tên Nhà Cung Cấp</td><td><a href=\"https://www.fahasa.com/kim-dong?fhs_campaign=ATTRIBUTE_PRODUCT\">Nhà Xuất Bản Kim Đồng</a></td></tr><tr><td>Tác giả</td><td>Hà Mã Đi Bộ, Cloud Pillow Studio</td></tr><tr><td>NXB</td><td>Kim Đồng</td></tr><tr><td>Năm XB</td><td>2024</td></tr><tr><td>Trọng lượng (gr)</td><td>195</td></tr><tr><td>Kích Thước Bao Bì</td><td>27 x 22 x 0.3 cm</td></tr><tr><td>Số trang</td><td>44</td></tr><tr><td>Hình thức</td><td>Bìa Mềm</td></tr><tr><td>Sản phẩm bán chạy nhất</td><td><a href=\"https://www.fahasa.com/sach-trong-nuoc/thieu-nhi/truyen-thieu-nhi/truyen-doc-thieu-nhi.html?order=num_orders_month\">Top 100 sản phẩm Truyện Đọc Thiếu Nhi bán chạy của tháng</a></td></tr></tbody></table></figure><p>Giá sản phẩm trên Fahasa.com đã bao gồm thuế theo luật hiện hành. Bên cạnh đó, tuỳ vào loại sản phẩm, hình thức và địa chỉ giao hàng mà có thể phát sinh thêm chi phí khác như Phụ phí đóng gói, phí vận chuyển, phụ phí hàng cồng kềnh,...</p><p>Chính sách khuyến mãi trên BookStore không áp dụng cho Hệ thống Nhà sách BookStore trên toàn quốc</p><p><strong>Bên Cửa Ngắm Xuân</strong></p><p><i>“Chầm chậm chầm chậm</i></p><p><i>Hé nở nụ hoa</i></p><p><i>Ơ kìa, ai đấy?</i></p><p><i>Mùa xuân ấy mà!”</i></p><p>“Bên cửa ngắm Xuân” gồm những vần thơ trong veo, dịu dàng như buổi sáng đầu tiên của mùa xuân mới, đang chờ các em hé cánh cửa để cùng nhau ngắm nhìn…</p><p>---</p><p><i><strong>Thông tin tác giả:</strong></i></p><p><strong>Hà Mã đi bộ (Lã Thanh Hà)</strong>, sinh năm 1993.</p><p>Hà nhận học bổng toàn phần Fulbright của chính phủ Mỹ và tốt nghiệp Thạc sĩ chuyên ngành Nghiên cứu về Gia đình và Trẻ em tại Đại học New Mexico năm 2022. Làm thơ và viết truyện cho trẻ em vừa là sở thích, vừa là một cách để Hà hiểu và kết nối nhiều hơn với thế giới tâm hồn của các em nhỏ - những người đã và đang là mối quan tâm rất lớn của Hà trong công việc và đời sống.</p><p><strong>Cloud Pillow Studio</strong> là một studio gồm 14 hoạ sĩ trẻ, được thành lập vào cuối năm 2014, hoạt động trong lĩnh vực minh họa truyện ngắn và game. Nhóm mong muốn có thể dùng nét vẽ của mình để góp phần thổi hồn vào những trang giấy, đem những câu chuyện hay và đẹp đến thật nhiều người yêu đọc sách.</p>', 4, 57500, NULL, 1, '/storage/uploads/2024/01/15/ben-cua-ngam-xuan_128256_1.jpg', '2024-01-15 07:01:44', '2024-01-26 19:31:27', 'Kim Đồng', 'Lã Thanh Hà', 0, 0);

-- --------------------------------------------------------

--
-- Table structure for table `promotes`
--

CREATE TABLE `promotes` (
  `id` bigint(20) UNSIGNED NOT NULL,
  `request` varchar(255) NOT NULL,
  `price` int(11) NOT NULL,
  `created_at` timestamp NULL DEFAULT NULL,
  `updated_at` timestamp NULL DEFAULT NULL
) ENGINE=InnoDB DEFAULT CHARSET=utf8mb4 COLLATE=utf8mb4_unicode_ci;

--
-- Dumping data for table `promotes`
--

INSERT INTO `promotes` (`id`, `request`, `price`, `created_at`, `updated_at`) VALUES
(8, 'Giảm 20K Với Đơn Hàng Tối Thiểu 200K', 20000, '2024-01-30 08:01:19', '2024-01-30 18:28:05'),
(9, 'Giảm 5k - Đơn Tối Đa 99k', 5000, '2024-01-30 18:20:54', '2024-01-30 18:20:54'),
(10, 'Giảm 10K Với Đơn Hàng Tối Thiểu 150K', 10000, '2024-01-30 18:24:38', '2024-01-30 18:24:38'),
(11, 'Giảm 20K Với Đơn Hàng Tối Thiểu 200K', 20000, '2024-01-30 18:24:58', '2024-01-30 18:24:58');

-- --------------------------------------------------------

--
-- Table structure for table `sliders`
--

CREATE TABLE `sliders` (
  `id` bigint(20) UNSIGNED NOT NULL,
  `name` varchar(255) NOT NULL,
  `url` varchar(255) DEFAULT NULL,
  `image` varchar(255) NOT NULL,
  `sort_by` int(11) NOT NULL,
  `active` int(11) NOT NULL,
  `created_at` timestamp NULL DEFAULT NULL,
  `updated_at` timestamp NULL DEFAULT NULL
) ENGINE=InnoDB DEFAULT CHARSET=utf8mb4 COLLATE=utf8mb4_unicode_ci;

--
-- Dumping data for table `sliders`
--

INSERT INTO `sliders` (`id`, `name`, `url`, `image`, `sort_by`, `active`, `created_at`, `updated_at`) VALUES
(1, 'banner_1', 'banner_1', '/storage/uploads/2024/01/11/banner_1.jpg', 1, 1, '2024-01-08 07:48:28', '2024-01-29 11:39:14'),
(3, 'banner_2', 'banner_2.jpg', '/storage/uploads/2024/01/11/banner_2.jpg', 2, 1, '2024-01-11 08:37:00', '2024-01-11 08:37:00'),
(4, 'banner_3', 'banner_3.jpg', '/storage/uploads/2024/01/11/banner_3.jpg', 3, 1, '2024-01-11 08:37:25', '2024-01-11 08:37:25');

-- --------------------------------------------------------

--
-- Table structure for table `users`
--

CREATE TABLE `users` (
  `id` bigint(20) UNSIGNED NOT NULL,
  `name` varchar(255) NOT NULL,
  `email` varchar(255) NOT NULL,
  `email_verified_at` timestamp NULL DEFAULT NULL,
  `password` varchar(255) NOT NULL,
  `remember_token` varchar(100) DEFAULT NULL,
  `created_at` timestamp NULL DEFAULT NULL,
  `updated_at` timestamp NULL DEFAULT NULL,
  `level` int(11) NOT NULL
) ENGINE=InnoDB DEFAULT CHARSET=utf8mb4 COLLATE=utf8mb4_unicode_ci;

--
-- Dumping data for table `users`
--

INSERT INTO `users` (`id`, `name`, `email`, `email_verified_at`, `password`, `remember_token`, `created_at`, `updated_at`, `level`) VALUES
(1, 'admin', 'admin@gmail.com', '2023-09-20 03:36:16', '$2y$10$RyqD/4ykKgOwFTyWTK7Q9O5gv2SYMsERg0AADTNmb7Xxc2wkMiP0q', 'J7UEsh600N0ko6BagfQDHVQLjrO1EnefDm8xbxJlDGIi9nuhmC9MpyE5DvGT', NULL, NULL, 1),
(4, 'Dao Thi Khuyen', 'daothikhuyen30@gmail.com', NULL, '$2y$12$Sj0GZUnrxvFPQmZfXVDlM.NflTpfa2sDVR.GfsqiDoUuLE6t.j742', 'GD9EbEIWx5gV9fCDNPsJ9YMMvh3y68oBIuUJTNQFwLUc6zwr5uLwpzCAqie8', '2024-01-20 01:56:30', '2024-01-20 01:56:30', 2),
(8, 'Thanh Linh', 'ThanhLinh32@gmail.com', NULL, '$2y$12$rBxHCMy2DH6fEx..pAOtV.PiJ1d/vCpmn5jUcHuJCStqoHdCIILTO', 'DwrlSUWowOaKpCCAOmJ4hsVVwtmohdP4paeeVN39shP0GNe99uRGwQeM2Fii', '2024-01-26 18:46:54', '2024-01-26 18:46:54', 2);

--
-- Indexes for dumped tables
--

--
-- Indexes for table `carts`
--
ALTER TABLE `carts`
  ADD PRIMARY KEY (`id`);

--
-- Indexes for table `comments`
--
ALTER TABLE `comments`
  ADD PRIMARY KEY (`id`);

--
-- Indexes for table `failed_jobs`
--
ALTER TABLE `failed_jobs`
  ADD PRIMARY KEY (`id`),
  ADD UNIQUE KEY `failed_jobs_uuid_unique` (`uuid`);

--
-- Indexes for table `jobs`
--
ALTER TABLE `jobs`
  ADD PRIMARY KEY (`id`),
  ADD KEY `jobs_queue_index` (`queue`);

--
-- Indexes for table `menus`
--
ALTER TABLE `menus`
  ADD PRIMARY KEY (`id`);

--
-- Indexes for table `migrations`
--
ALTER TABLE `migrations`
  ADD PRIMARY KEY (`id`);

--
-- Indexes for table `orders`
--
ALTER TABLE `orders`
  ADD PRIMARY KEY (`id`);

--
-- Indexes for table `order_details`
--
ALTER TABLE `order_details`
  ADD PRIMARY KEY (`id`),
  ADD KEY `order_details_id_order_foreign` (`id_order`),
  ADD KEY `order_details_id_product_foreign` (`id_product`);

--
-- Indexes for table `password_reset_tokens`
--
ALTER TABLE `password_reset_tokens`
  ADD PRIMARY KEY (`email`);

--
-- Indexes for table `personal_access_tokens`
--
ALTER TABLE `personal_access_tokens`
  ADD PRIMARY KEY (`id`),
  ADD UNIQUE KEY `personal_access_tokens_token_unique` (`token`),
  ADD KEY `personal_access_tokens_tokenable_type_tokenable_id_index` (`tokenable_type`,`tokenable_id`);

--
-- Indexes for table `products`
--
ALTER TABLE `products`
  ADD PRIMARY KEY (`id`);

--
-- Indexes for table `promotes`
--
ALTER TABLE `promotes`
  ADD PRIMARY KEY (`id`);

--
-- Indexes for table `sliders`
--
ALTER TABLE `sliders`
  ADD PRIMARY KEY (`id`);

--
-- Indexes for table `users`
--
ALTER TABLE `users`
  ADD PRIMARY KEY (`id`),
  ADD UNIQUE KEY `users_email_unique` (`email`);

--
-- AUTO_INCREMENT for dumped tables
--

--
-- AUTO_INCREMENT for table `carts`
--
ALTER TABLE `carts`
  MODIFY `id` bigint(20) UNSIGNED NOT NULL AUTO_INCREMENT, AUTO_INCREMENT=78;

--
-- AUTO_INCREMENT for table `comments`
--
ALTER TABLE `comments`
  MODIFY `id` bigint(20) UNSIGNED NOT NULL AUTO_INCREMENT, AUTO_INCREMENT=3;

--
-- AUTO_INCREMENT for table `failed_jobs`
--
ALTER TABLE `failed_jobs`
  MODIFY `id` bigint(20) UNSIGNED NOT NULL AUTO_INCREMENT, AUTO_INCREMENT=7;

--
-- AUTO_INCREMENT for table `jobs`
--
ALTER TABLE `jobs`
  MODIFY `id` bigint(20) UNSIGNED NOT NULL AUTO_INCREMENT, AUTO_INCREMENT=36;

--
-- AUTO_INCREMENT for table `menus`
--
ALTER TABLE `menus`
  MODIFY `id` bigint(20) UNSIGNED NOT NULL AUTO_INCREMENT, AUTO_INCREMENT=13;

--
-- AUTO_INCREMENT for table `migrations`
--
ALTER TABLE `migrations`
  MODIFY `id` int(10) UNSIGNED NOT NULL AUTO_INCREMENT, AUTO_INCREMENT=27;

--
-- AUTO_INCREMENT for table `orders`
--
ALTER TABLE `orders`
  MODIFY `id` bigint(20) UNSIGNED NOT NULL AUTO_INCREMENT, AUTO_INCREMENT=102;

--
-- AUTO_INCREMENT for table `order_details`
--
ALTER TABLE `order_details`
  MODIFY `id` bigint(20) UNSIGNED NOT NULL AUTO_INCREMENT, AUTO_INCREMENT=59;

--
-- AUTO_INCREMENT for table `personal_access_tokens`
--
ALTER TABLE `personal_access_tokens`
  MODIFY `id` bigint(20) UNSIGNED NOT NULL AUTO_INCREMENT;

--
-- AUTO_INCREMENT for table `products`
--
ALTER TABLE `products`
  MODIFY `id` bigint(20) UNSIGNED NOT NULL AUTO_INCREMENT, AUTO_INCREMENT=17;

--
-- AUTO_INCREMENT for table `promotes`
--
ALTER TABLE `promotes`
  MODIFY `id` bigint(20) UNSIGNED NOT NULL AUTO_INCREMENT, AUTO_INCREMENT=12;

--
-- AUTO_INCREMENT for table `sliders`
--
ALTER TABLE `sliders`
  MODIFY `id` bigint(20) UNSIGNED NOT NULL AUTO_INCREMENT, AUTO_INCREMENT=5;

--
-- AUTO_INCREMENT for table `users`
--
ALTER TABLE `users`
  MODIFY `id` bigint(20) UNSIGNED NOT NULL AUTO_INCREMENT, AUTO_INCREMENT=12;

--
-- Constraints for dumped tables
--

--
-- Constraints for table `order_details`
--
ALTER TABLE `order_details`
  ADD CONSTRAINT `order_details_id_order_foreign` FOREIGN KEY (`id_order`) REFERENCES `orders` (`id`) ON DELETE CASCADE,
  ADD CONSTRAINT `order_details_id_product_foreign` FOREIGN KEY (`id_product`) REFERENCES `products` (`id`) ON DELETE CASCADE;
COMMIT;

/*!40101 SET CHARACTER_SET_CLIENT=@OLD_CHARACTER_SET_CLIENT */;
/*!40101 SET CHARACTER_SET_RESULTS=@OLD_CHARACTER_SET_RESULTS */;
/*!40101 SET COLLATION_CONNECTION=@OLD_COLLATION_CONNECTION */;
